,lp,DA,system,BEER,BERTr,CharacTER,EED,ESIM,LASIM,LEPORa,LP,Meteor++_2.0(syntax),Meteor++_2.0(syntax+copy),PReP,UNI,UNI+,USFD,USFD-TL,YiSi-0,YiSi-1,YiSi-1_srl,YiSi-2,YiSi-2_srl,ibm1-morpheme,ibm1-pos4gram,segid,testset,NIST,BLEU,chrF,sacreBLEU-BLEU,TER,CDER,sacreBLEU-chrF,WER,chrF+,PER,LEPORb,WMDO
0,en-cs,0.402,CUNI-DocTransformer-T2T.6751,0.5875458500499265,,-0.4730122993665789,-0.3588703835647018,,,,,,,,0.4515094392889334,,,,0.6472814601902855,0.8650659974962444,,0.7649960245368052,,-538834.399788385,,5622.518277416124,newstest2019,5.1045,0.1904,57.5673,0.3103,0.4697,0.5042,56.1449,0.4427,57.7576,0.6061,,
1,en-cs,0.401,CUNI-Transformer-T2T-2018.6457,0.5869319492864045,,-0.47216426832923775,-0.360133816813607,,,,,,,,0.4516067089384076,,,,0.6470191517275914,0.8653208632949424,,0.7632422018027041,,-527818.114976685,,5622.518277416124,newstest2019,5.2036,0.1968,57.4147,0.3093,0.4714,0.5042,56.183,0.4452,57.5857,0.6037,,
2,en-cs,0.38799999999999996,CUNI-Transformer-T2T-2019.6851,0.5797337494800615,,-0.4843966970358974,-0.36819170458633105,,,,,,,,0.44920909335503256,,,,0.6393290569854782,0.8609571347020532,,0.7634015698547822,,-536831.4758699068,,5622.518277416124,newstest2019,5.0849,0.1892,56.3307,0.3042,0.4647,0.4977,55.3537,0.4386,56.5415,0.5971,,
3,en-cs,0.223,CUNI-DocTransformer-Marian.6922,0.5740241493852534,,-0.49066232502216856,-0.372732833390202,,,,,,,,0.44940182567751624,,,,0.6330458341011517,0.8583276985478218,,0.7619520195292939,,-522309.6220322388,,5622.518277416124,newstest2019,4.861,0.1769,55.8463,0.2917,0.4513,0.4877,54.5194,0.4243,55.9912,0.5878,,
4,en-cs,0.20600000000000002,uedin.6667,0.5766761675232603,,-0.4861189769441604,-0.37077318217908956,,,,,,,,0.4504133505758638,,,,0.6352410976464697,0.8611776980470706,,0.7633263970956434,,-542339.7818081067,,5622.518277416124,newstest2019,5.1417,0.1916,56.0571,0.29,0.4589,0.4895,55.0079,0.4323,56.1944,0.5877,,
5,en-cs,-0.156,online-Y.0,0.5495625915746569,,-0.5251338810841809,-0.3978808238359917,,,,,,,,0.4498201118027041,,,,0.6106513345017526,0.8482011652478718,,0.7703301321982974,,-500276.1526443355,,5622.518277416124,newstest2019,4.9027,0.1766,52.5263,0.2419,0.4111,0.442,51.7642,0.3849,52.5183,0.5474,,
6,en-cs,-0.195,TartuNLP-c.6633,0.5419255881261043,,-0.5298247563636902,-0.4046212435426246,,,,,,,,0.4551284453980971,,,,0.6019062478718077,0.8451373099649474,,0.7651978347521283,,-487757.22139273956,,5622.518277416124,newstest2019,4.5523,0.1581,51.2223,0.2398,0.3988,0.4393,50.9746,0.3736,51.3854,0.543,,
7,en-cs,-0.3,online-G.0,0.5364650760815701,,-0.5448983524557339,-0.4132073914863516,,,,,,,,0.45364814584877317,,,,0.5966733004506759,0.8390073199799699,,0.7719724561842765,,-492263.67206198955,,5622.518277416124,newstest2019,4.4931,0.1543,49.9492,0.2094,0.3681,0.4006,48.7988,0.3451,49.9858,0.5032,,
8,en-cs,-0.336,online-B.0,0.5385725277262501,,-0.5455612698852033,-0.41253568290541126,,,,,,,,0.4540674714827241,,,,0.5965055312969453,0.8418054166249372,,0.7688493930896344,,-497771.7522239325,,5622.518277416124,newstest2019,4.8643,0.1775,50.5443,0.225,0.3883,0.4232,50.0956,0.3631,50.6535,0.5268,,
9,en-cs,-0.594,online-A.0,0.513497674340823,,-0.5776134280090411,-0.4378657152351136,,,,,,,,0.44666635862043064,,,,0.5695486954932398,0.8274442493740611,,0.7561821707561341,,-502779.2581090311,,5622.518277416124,newstest2019,4.3666,0.1466,47.0265,0.1883,0.3447,0.3824,46.6877,0.3223,47.1066,0.4865,,
10,en-cs,-0.6509999999999999,online-X.0,0.5010312812027884,,-0.583295065123788,-0.4436783652303066,,,,,,,,0.44967013519579363,,,,0.5627752408612919,0.8129561076614923,,0.748432821732599,,-487756.7170832724,,5622.518277416124,newstest2019,4.0532,0.1271,45.5748,0.1805,0.3085,0.359,44.6776,0.2885,45.6836,0.4513,,
11,en-gu,0.6629999999999999,online-B.0,0.7586767764082009,,-0.22228199096408038,-0.17211560905364645,,,0.8225483701956364,,,,,,,,,0.865825744488978,0.9235869298597195,,0.6189393657314629,,,,499.5,newstest2019,10.2567,0.6175,88.7915,0.6176,0.7211,0.7857,79.2258,0.6979,87.4708,0.8158,0.822548370195636,
12,en-gu,0.597,GTCOM-Primary.6970,0.6023500482988933,,-0.4219068929606936,-0.31512861834668215,,,0.6542590820620175,,,,,,,,,0.7467142885771543,0.8638854509018037,,0.6201378056112226,,,,499.5,newstest2019,6.8559,0.287,79.9585,0.287,0.4671,0.5746,59.3016,0.4335,77.1031,0.6383,0.6542590820620179,
13,en-gu,0.318,MSRA.CrossBERT.6991,0.5112998150893809,,-0.5488943070094486,-0.4215786045544103,,,0.5469079551501639,,,,,,,,,0.6609787695390782,0.8224750400801603,,0.6193286833667335,,,,499.5,newstest2019,5.1995,0.1657,71.5031,0.1657,0.3662,0.4515,45.5683,0.3347,68.197,0.5588,0.546907955150164,
14,en-gu,0.305,UEDIN.6849,0.5220687529635477,,-0.5245488820272541,-0.3968117880272886,,,0.5492705660246286,,,,,,,,,0.671942507014028,0.8274839458917835,,0.6203780821643287,,,,499.5,newstest2019,5.0697,0.1627,74.1348,0.1627,0.3519,0.4647,49.3676,0.3194,70.5159,0.5482,0.549270566024629,
15,en-gu,0.254,CUNI-T2T-transfer-engu.6466,0.510601342119647,,-0.581192740093443,-0.4224599471506112,,,0.5154803996955808,,,,,,,,,0.6657264398797595,0.821236391783567,,0.6151966432865731,,,,499.5,newstest2019,5.0244,0.1435,70.5072,0.1435,0.3651,0.4325,44.6971,0.3349,66.8223,0.5172,0.515480399695581,
16,en-gu,-0.079,Ju_Saarland_clean_num_135_bpe.6617,0.5290305394191529,,-0.5667203776774287,-0.4262077058096209,,,0.5751272643599312,,,,,,,,,0.6697403947895791,0.8114637605210421,,0.6226983096192384,,,,499.5,newstest2019,6.0484,0.2199,67.1563,0.2199,0.4025,0.4721,46.791,0.3727,64.9535,0.5579,0.575127264359932,
17,en-gu,-0.45799999999999996,IITP-MT.6827,0.4334811778943303,,-0.6962103074380316,-0.5169078563983909,,,0.41616585353466085,,,,,,,,,0.5799999595691384,0.7782919068136274,,0.6177169919839679,,,,499.5,newstest2019,3.5953,0.0825,65.1946,0.0825,0.2162,0.3391,36.5131,0.1859,61.2177,0.461,0.416165853534661,
18,en-gu,-0.465,NICT.6604,0.4486367410137652,,-0.6783746417978664,-0.505015130858413,,,0.44353903702611175,,,,,,,,,0.6016972704408817,0.7836481042084168,,0.6104715230460922,,,,499.5,newstest2019,3.9135,0.1032,64.5324,0.1033,0.2503,0.3606,36.8008,0.2246,60.8196,0.4666,0.4435390370261121,
19,en-gu,-0.49,online-G.0,0.4814158693442532,,-0.7006633682097252,-0.4918264058868369,,,0.5057079960330081,,,,,,,,,0.6274773076152305,0.7932861733466934,,0.6311753426853708,,,,499.5,newstest2019,4.5702,0.0905,68.9542,0.0906,0.2455,0.3889,41.4659,0.1951,65.9024,0.5314,0.505707996033008,
20,en-gu,-0.502,online-X.0,0.42518292260810475,,-0.7381150576623439,-0.5374488442369134,,,0.43221829909047815,,,,,,,,,0.582176865761523,0.7614782975951905,,0.6257800380761522,,,,499.5,newstest2019,3.9711,0.1095,55.2559,0.1096,0.2599,0.3372,30.544,0.2369,53.0292,0.423,0.432218299090478,
21,en-gu,-0.718,UdS-DFKI.6866,0.4365425946480315,,-0.7407210809878829,-0.540729936369077,,,0.42811595709543554,,,,,,,,,0.5853343126252505,0.7587964288577154,,0.5843158567134269,,,,499.5,newstest2019,3.7973,0.0704,65.0628,0.0704,0.1412,0.3307,35.4055,0.106,60.7317,0.3798,0.428115957095435,
22,en-lt,0.38799999999999996,tilde-nc-nmt.6696,0.5374474620642838,,-0.5485980322538296,-0.39938115444639044,0.5137306679831538,,,,,,,,,,,0.5863872244488978,0.8274020440881763,,0.7124831302605211,,-735498.8351011002,,538.1122244488978,newstest2019,5.7387,0.2019,51.5687,0.2079,0.3674,0.4091,51.6385,0.3421,51.1864,0.5163,0.500288778429375,
23,en-lt,0.387,MSRA.MASS.6954,0.540143659620927,,-0.5458671473212535,-0.39726994978170654,0.5124349797924678,,,,,,,,,,,0.5898907715430862,0.8293094418837675,,0.7232814118236474,,-738504.5875525781,,538.1122244488978,newstest2019,5.7319,0.2054,51.919,0.216,0.3674,0.4133,51.7559,0.3398,51.6125,0.5261,0.506413553920015,
24,en-lt,0.262,tilde-c-nmt.6695,0.5329876289976957,,-0.5559056935781209,-0.40585614275187254,0.4895497957307039,,,,,,,,,,,0.579832511022044,0.826423380761523,,0.7193388126252506,,-745518.8496727104,,538.1122244488978,newstest2019,5.5971,0.1956,51.2273,0.2074,0.3575,0.4061,51.1672,0.3319,50.9109,0.5209,0.49774581089736103,
25,en-lt,0.259,MSRA.MASS.6931,0.5350332044262102,,-0.5487850681723326,-0.4030730968634253,0.4861974849855343,,,,,,,,,,,0.5849138687374749,0.826035611222445,,0.7270025881763527,,-747522.8195900592,,538.1122244488978,newstest2019,5.6214,0.1975,51.2154,0.2069,0.3593,0.4035,51.0287,0.3334,50.8646,0.5146,0.495972938249296,
26,en-lt,0.155,GTCOM-Primary.7001,0.5353089545922101,,-0.532496916746456,-0.3974615130181572,0.49541055107907295,,,,,,,,,,,0.592159773547094,0.830669995991984,,0.7241480300601203,,-580186.895144957,,538.1122244488978,newstest2019,5.4081,0.1807,50.68,0.1925,0.3407,0.3924,51.8908,0.3174,50.4299,0.495,0.495837806538368,
27,en-lt,0.036000000000000004,eTranslation.6836,0.5189901681156006,,-0.5645374731399502,-0.41764381509236914,0.4202961715209841,,,,,,,,,,,0.5675354488977956,0.8197153827655311,,0.7267331663326654,,-737502.3738777626,,538.1122244488978,newstest2019,5.1956,0.1731,49.2447,0.1837,0.3241,0.3804,49.4671,0.2986,48.892,0.4902,0.47274134579733096,
28,en-lt,-0.054000000000000006,NEU.6760,0.5196651298820685,,-0.5737562153350371,-0.4178330677427083,0.4212287709225186,,,,,,,,,,,0.5673639681362725,0.8174694959919838,,0.7310075470941885,,-682391.5011404909,,538.1122244488978,newstest2019,5.2458,0.1734,49.2928,0.1841,0.3142,0.3847,49.308,0.2872,49.0469,0.4831,0.48039057935271295,
29,en-lt,-0.061,online-B.0,0.5022581644195216,,-0.597757673084721,-0.43605475907049746,0.38363836566266235,,,,,,,,,,,0.5516465511022044,0.8106941513026054,,0.7241761823647295,,-735497.3448579139,,538.1122244488978,newstest2019,4.9573,0.161,46.5807,0.1713,0.3078,0.368,46.9563,0.2859,46.2723,0.4759,0.452389787219837,
30,en-lt,-0.38299999999999995,TartuNLP-c.6510,0.483385924145033,,-0.6155458558988699,-0.451554230345275,0.33070861047669453,,,,,,,,,,,0.5269536943887776,0.8004871172344689,,0.7258760420841683,,-645317.3400383628,,538.1122244488978,newstest2019,4.4997,0.1316,44.6172,0.1382,0.283,0.3366,44.5569,0.2647,44.1635,0.444,0.42233237136433793,
31,en-lt,-0.62,online-A.0,0.47380446088873407,,-0.6317754540596452,-0.4681732034915405,0.20997772664662248,,,,,,,,,,,0.5165591703406814,0.7903965581162326,,0.7301161703406813,,-549123.601061015,,538.1122244488978,newstest2019,4.0513,0.0918,42.2566,0.0977,0.2297,0.2867,43.3404,0.2096,41.7736,0.4034,0.39387696624989005,
32,en-lt,-0.6659999999999999,online-X.0,0.46414840103622534,,-0.6528278959342507,-0.4804676671014102,0.2151711243333086,,,,,,,,,,,0.5092416653306613,0.7761769118236472,,0.6980241713426855,,-512048.8733938077,,538.1122244488978,newstest2019,4.1918,0.1101,40.4748,0.1174,0.2186,0.279,40.8342,0.2023,40.2557,0.3787,0.41082584877855605,
33,en-lt,-0.805,online-G.0,0.46546907383424574,,-0.6400805105261638,-0.4736136097707347,0.1824792681076659,,,,,,,,,,,0.5109927164328657,0.7867194388777555,,0.7281868406813629,,-575175.2615761673,,538.1122244488978,newstest2019,3.8675,0.0896,41.3976,0.0954,0.2004,0.2768,42.7197,0.1796,40.9238,0.3572,0.38542655786988506,
34,de-cs,0.426,online-Y.0,0.5301456879615916,,-0.5650474933398464,-0.4191206464677784,0.6189608991101317,,0.555060635632485,,,,,,,,,0.5881108572859288,0.8394305307961942,,0.7801741572358537,,-490760.4965915423,,2630.6649974962443,newstest2019,5.9616,0.1837,50.2529,0.2168,0.3782,0.4124,49.3454,0.3497,50.2033,0.5212,0.512319080393645,
35,de-cs,0.386,online-B.0,0.5225607580710213,,-0.5775534984568373,-0.43055984778021933,0.5763224267053829,,0.5431593902351366,,,,,,,,,0.577114348022033,0.8336268067100651,,0.7760799043565347,,-609438.8294914161,,2630.6649974962443,newstest2019,5.8164,0.1787,48.6235,0.2026,0.3618,0.3946,47.8331,0.3356,48.6447,0.4999,0.502064891791382,
36,de-cs,0.36700000000000005,NICT.6938,0.5193347745344633,,-0.5746648331089083,-0.43114192533676604,0.5767012143894213,,0.5540326745553771,,,,,,,,,0.5713152402603906,0.8316707576364547,,0.7849495833750626,,-484250.8636532268,,2630.6649974962443,newstest2019,5.2581,0.1565,48.9261,0.2108,0.3513,0.4069,47.7153,0.3246,49.1023,0.5088,0.479132596906093,
37,de-cs,0.319,online-G.0,0.5163191295874174,,-0.580130460887706,-0.4331930176041084,0.541230591715201,,0.5352553460005548,,,,,,,,,0.5728267033049574,0.8290032999499248,,0.7745727381071608,,-640986.4926004062,,2630.6649974962443,newstest2019,5.4352,0.1601,47.9812,0.1892,0.3324,0.3773,46.8592,0.3073,48.0167,0.4857,0.48806166832398795,
38,de-cs,0.179,NEU_KingSoft.6766,0.5094870986394053,,-0.5840486771681263,-0.4427041267777029,0.5235505208189324,,0.5359795678070364,,,,,,,,,0.5598588136204306,0.8263788017025538,,0.7876360255383075,,-533324.8791079344,,2630.6649974962443,newstest2019,4.9522,0.1373,47.3588,0.1966,0.3474,0.3925,46.3665,0.3225,47.4632,0.5042,0.437888651651339,
39,de-cs,0.134,online-A.0,0.5015016136132023,,-0.6044660814889168,-0.4519828274954739,0.5202592369346214,,0.517084103407423,,,,,,,,,0.5531887764146218,0.8206732699048573,,0.7639565713570355,,-650500.8260029318,,2630.6649974962443,newstest2019,5.2347,0.1454,45.7034,0.1703,0.3199,0.3619,45.1015,0.296,45.7728,0.4685,0.47192328276482104,
40,de-cs,-0.099,lmu-unsup-nmt-de-cs.6845,0.4879442127604765,,-0.6178357900663917,-0.4690277711154858,0.451625354404752,,0.5082736718599504,,,,,,,,,0.5321181222834251,0.8138356614922384,,0.7816369138708061,,-515798.4221875454,,2630.6649974962443,newstest2019,4.6516,0.123,44.5525,0.1796,0.3275,0.3712,43.4896,0.3058,44.686,0.4773,0.420123478921685,
41,de-cs,-0.165,CUNI-Unsupervised-NER-post.6934,0.4855173499840599,,-0.6278707581404473,-0.4710541098981603,0.4531483474297381,,0.4986049840198126,,,,,,,,,0.5286561280921382,0.8101175673510266,,0.7780338592889333,,-526816.2057971072,,2630.6649974962443,newstest2019,4.5401,0.1068,44.5998,0.1487,0.2971,0.3404,43.1071,0.2737,44.4714,0.457,0.424471929087504,
42,de-cs,-0.32799999999999996,Unsupervised.de-cs.6929,0.48607444807379596,,-0.6194026512653364,-0.4745527844116815,0.4080885620342365,,0.5157708422482122,,,,,,,,,0.5314479361542312,0.8088379614421632,,0.7763270330495743,,-564371.4770312209,,2630.6649974962443,newstest2019,4.399,0.1196,43.85,0.185,0.3269,0.3764,42.5284,0.306,44.1868,0.4812,0.404892596530371,
43,de-cs,-0.405,Unsupervised.de-cs.6935,0.47521109730185923,,-0.6352847895243263,-0.4850197577747364,0.3827731941674375,,0.4964091847211679,,,,,,,,,0.5187232562343516,0.8048290686029043,,0.7766875963945918,,-573885.7334014622,,2630.6649974962443,newstest2019,4.2708,0.1111,42.5495,0.1678,0.3098,0.3589,41.4357,0.2892,42.8062,0.4666,0.396366636203688,
44,de-cs,-0.807,CAiRE.6949,0.43001818292736976,,-0.7034412433822674,-0.5382047099036593,0.19055009112634141,,0.43684639924102164,,,,,,,,,0.4623333274912369,0.7717057401101654,,0.7486246359539308,,-672032.9776763235,,2630.6649974962443,newstest2019,3.8176,0.0845,36.42,0.1085,0.247,0.2992,34.5438,0.2282,36.7809,0.4143,0.36532294986902103,
45,en-kk,0.262,UAlacant_-_NMT.6718,0.481035013283146,,-0.6242655844091262,-0.46428287292892234,0.46946897021544265,,0.4568728033294717,,,,,,,,,0.5355761643286573,0.8050083416833668,,0.6731904669338677,,,,499.5,newstest2019,4.3974,0.1114,58.4408,0.1114,0.215,0.2851,44.6193,0.1929,55.785,0.3687,0.456872803329472,
46,en-kk,0.243,online-B.0,0.5213297407525265,,-0.5829956507599541,-0.4302599346918429,0.5627075454788488,,0.5020046696223958,,,,,,,,,0.5768287855711423,0.8213517725450902,,0.6747996633266534,,,,499.5,newstest2019,5.4495,0.1869,61.2388,0.1869,0.3236,0.3572,48.874,0.3038,58.7401,0.4441,0.502004669622396,
47,en-kk,0.222,UAlacant_-_NMT+RBMT.6722,0.47953636919053516,,-0.6244923085525506,-0.4664972299991739,0.45739014715913734,,0.4520272825896783,,,,,,,,,0.5330336563126252,0.8036458286573146,,0.6729733186372745,,,,499.5,newstest2019,4.3619,0.1112,58.4463,0.1112,0.209,0.2809,44.7757,0.1852,55.7183,0.3581,0.452027282589679,
48,en-kk,0.126,NEU.6755,0.4852920235517684,,-0.6227332507192708,-0.46239961374304694,0.45541353383846206,,0.46885457548094106,,,,,,,,,0.5410609779559118,0.804392127254509,,0.670849372745491,,,,499.5,newstest2019,4.6659,0.1235,58.6042,0.1235,0.258,0.3101,45.0762,0.2365,55.9221,0.4151,0.468854575480941,
49,en-kk,0.10800000000000001,MSRA.CrossBERT.6874,0.4701978137790628,,-0.6446662099068134,-0.48112695601457106,0.4264849881979381,,0.44419543746369117,,,,,,,,,0.5243524809619238,0.7967637214428858,,0.6673212114228457,,,,499.5,newstest2019,4.5176,0.1189,56.5179,0.1189,0.2466,0.2973,42.4707,0.2274,53.9651,0.4003,0.444195437463691,
50,en-kk,0.09699999999999999,CUNI-T2T-transfer-enkk.6554,0.4701712259604108,,-0.6477167950543335,-0.47885183679436394,0.4237728220166149,,0.43679236328278986,,,,,,,,,0.523410749498998,0.798194130260521,,0.6674317885771544,,,,499.5,newstest2019,4.2771,0.0996,57.7449,0.0996,0.2082,0.2703,44.1004,0.1881,54.715,0.3717,0.436792363282789,
51,en-kk,0.078,online-G.0,0.4971471232312615,,-0.6314513698867761,-0.4546819882656826,0.47950059686178986,,0.4813178773614752,,,,,,,,,0.5548712304609218,0.8118226122244488,,0.6758027314629259,,,,499.5,newstest2019,5.1844,0.1469,58.4898,0.1469,0.2791,0.3198,46.742,0.2527,55.9616,0.4216,0.481317877361475,
52,en-kk,-0.049,rug_enkk_bpe.6804,0.4607972233662166,,-0.7000447229292404,-0.4966758432576922,0.3820296182509004,,0.4308009118341916,,,,,,,,,0.512896996993988,0.7909465601202406,,0.6764892304609219,,,,499.5,newstest2019,4.6088,0.1186,53.1297,0.1186,0.2461,0.2954,40.9991,0.2274,50.8958,0.391,0.43080091183419206,
53,en-kk,-0.32799999999999996,talp_upc_2019_enkk.6355,0.42523900222002003,,-0.7139391789721588,-0.531939586717822,0.27513803258997377,,0.36133748476975575,,,,,,,,,0.46845172164328663,0.7647849178356713,,0.6572966723446894,,,,499.5,newstest2019,3.5801,0.0754,51.55,0.0754,0.157,0.2243,37.7148,0.1394,48.7634,0.3204,0.361337484769755,
54,en-kk,-0.493,NICT.6550,0.41840069944490355,,-0.7449653623077397,-0.5390358389927287,0.21330063973104615,,0.36063233558073576,,,,,,,,,0.4670061667134269,0.7600751803607214,,0.6577972565130261,,,,499.5,newstest2019,3.4852,0.0761,49.5058,0.076,0.1297,0.2371,35.7975,0.114,46.947,0.3283,0.3606323355807371,
55,en-kk,-1.395,DBMS-KU_ENKK.6730,0.31315189581779795,,-0.8061275504205181,-0.6499210415419213,-0.453222503797907,,0.23019371768971103,,,,,,,,,0.33324680631262527,0.6743363216432866,,0.670684991983968,,,,499.5,newstest2019,1.5854,0.013,41.1035,0.013,-0.3713,0.106,25.7872,-0.3548,38.3668,-0.2542,0.23019371768971103,
56,fi-en,0.285,MSRA.NAO.6983,0.6183632427047697,0.8259011608117329,-0.432607184042303,-0.3246732519016618,0.5373947574198993,,,,0.3781253662414077,0.36469373964409635,0.6155807820641283,0.46410421703907817,0.5516307369789579,,,0.6824050921843686,0.81907225250501,0.7986471427855711,0.7322665986973949,,-469458.5315203893,,2112.003006012024,newstest2019,3.7531,0.1496,58.8458,0.3311,0.4992,0.5291,58.9217,0.4661,59.6997,0.6458,,-0.180190764978
57,fi-en,0.265,online-Y.0,0.6067298806818339,0.8142657911849165,-0.4477305531968607,-0.33642211764162494,0.510566705685736,,,,0.36954782369881295,0.3551046330397521,0.5929254819639278,0.46125011606713423,0.5480991439328657,,,0.671191208767535,0.8059832705410822,0.7849973456913828,0.7295207019038076,,-418857.27226271393,,2112.003006012024,newstest2019,3.5898,0.1387,57.2468,0.3108,0.4831,0.5132,57.1706,0.4503,58.0983,0.6315,,-0.18978244732900001
58,fi-en,0.261,GTCOM-Primary.6946,0.6184332272386813,0.828259277678205,-0.4267638046581313,-0.3213799519246007,0.5398514629295003,,,,0.38107332038937125,0.36801851548305464,0.6158899692885771,0.46364612004008016,0.5516515652705412,,,0.684647754509018,0.8197132079158317,0.799036371743487,0.7321769353707415,,-450921.57322004566,,2112.003006012024,newstest2019,3.7042,0.1477,59.1427,0.3304,0.491,0.5299,59.2012,0.4576,60.0275,0.6431,,-0.17752442864999998
59,fi-en,0.245,USYD.6995,0.6167958383222358,0.8174521869462812,-0.43249180827178624,-0.32791160738179864,0.49010324524715543,,,,0.37245505642393395,0.3573849508437563,0.5783776799098197,0.45805174953707417,0.5436858772945891,,,0.6803187660320642,0.8060334178356713,0.7864098652304609,0.727405020541082,,-473967.6117353527,,2112.003006012024,newstest2019,3.7312,0.1539,58.3473,0.3411,0.499,0.5331,58.5223,0.4694,59.2193,0.6417,,-0.18608829389000003
60,fi-en,0.107,online-B.0,0.5870971878877709,0.7946561365453657,-0.4878807654292669,-0.3628506869316112,0.42807979226011583,,,,0.34845119238500255,0.332710500645637,0.8823574957414829,0.45802221510020036,0.5444503348897796,,,0.6484009644288578,0.7845304509018035,0.7620541558116232,0.731304110721443,,-428876.79716558167,,2112.003006012024,newstest2019,3.4617,0.1293,54.0529,0.2805,0.4585,0.4833,54.1178,0.4275,54.9338,0.598,,-0.21069442447999998
61,fi-en,0.105,Helsinki_NLP.6889,0.5840900542035797,0.7942745896702061,-0.48208636576371194,-0.3597613994572461,0.4367018269901285,,,,0.3512755065366065,0.3348051425605672,0.540095187024048,0.45927529594188377,0.5462561548146293,,,0.6458364183366735,0.7824375561122245,0.761469243486974,0.7275836823647295,,-449418.02505892934,,2112.003006012024,newstest2019,3.3556,0.124,54.356,0.2775,0.4429,0.481,54.1755,0.4117,55.2689,0.604,,-0.21590977530000002
62,fi-en,0.012,online-A.0,0.5679724232848414,0.7754067499078586,-0.5120246347412636,-0.37875175147871665,0.3284444030960331,,,,0.333515401251598,0.3168243334380212,0.8960222473947895,0.4488718286242485,0.5335352746643286,,,0.6279541277555111,0.7576880716432866,0.7348360080160321,0.7272628131262525,,-350219.18366970844,,2112.003006012024,newstest2019,3.2337,0.1135,52.0316,0.2529,0.416,0.45,52.187,0.3833,52.9005,0.5787,,-0.231841188501
63,fi-en,-0.044000000000000004,online-G.0,0.5600681705053046,0.7560279521650685,-0.5294547620022241,-0.38758243607914256,0.24919299528148317,,,,0.33302288397451446,0.3167371201213709,0.44493433426853707,0.4344841606012024,0.5129280908266534,,,0.622030973246493,0.7388227850701402,0.7151148091182364,0.7190733281563126,,-618757.6496862386,,2112.003006012024,newstest2019,3.1553,0.1039,51.0938,0.2302,0.3826,0.4169,50.979,0.3505,51.8399,0.5555,,-0.241698588228
64,fi-en,-0.053,TartuNLP-c.6905,0.5644642817567198,0.7733657552687104,-0.5110140923628086,-0.3796748266240884,0.28477177583894325,,,,0.326632333997925,0.30952316904486377,0.49755810501002,0.45120914603206413,0.5336709417284569,,,0.6246529163326654,0.7559114659318636,0.7347047785571142,0.7358785335671343,,-519558.9260473357,,2112.003006012024,newstest2019,3.1453,0.1121,51.9993,0.2521,0.424,0.4533,52.2039,0.3935,52.6683,0.5697,,-0.245166560358
65,fi-en,-0.071,online-X.0,0.5536930790187404,0.7536102596050752,-0.534131267361134,-0.396633184548068,0.2569020420008662,,,,0.326918463866051,0.30789654366846414,0.5255088084669339,0.44060659052104206,0.5232916983216434,,,0.6173304584168336,0.7216621077154308,0.6999953992985972,0.7094624569138276,,-333184.8237058647,,2112.003006012024,newstest2019,3.1753,0.1128,49.4044,0.2494,0.3968,0.4305,49.2048,0.3708,50.2461,0.5475,,-0.239888721101
66,fi-en,-0.209,parfda.6526,0.5362781759953612,0.7165367777696353,-0.5982066514864669,-0.42259408842458696,0.011731655277192353,,,,0.30592696680886533,0.2885048407410645,0.4120188129759519,0.4121294601227455,0.4823530674498998,,,0.5871434694388777,0.6957528416833668,0.6704969724448897,0.7266114258517034,,-795610.7929283832,,2112.003006012024,newstest2019,3.0252,0.0943,47.6913,0.1974,0.3734,0.3929,47.824,0.3396,48.4531,0.5226,,-0.280890374012
67,fi-en,-0.516,apertium-fin-eng-unconstrained-fien.6449,0.46353658240479195,0.6237201366670624,-0.6714079441164886,-0.4872766780692203,-0.4822203252317089,,,,0.2499335408026367,0.23309713060652418,0.214902201503006,0.35199858761673347,0.3986819280110221,,,0.5093195706412825,0.6065604343687374,0.5803773912825652,0.7116030771543086,,-879278.8965356844,,2112.003006012024,newstest2019,2.2797,0.0424,38.8417,0.0859,0.2604,0.2773,39.5906,0.2364,39.1362,0.4078,,-0.37260516188299997
68,zh-en,0.295,Baidu-system.6940,0.659480437369179,0.8548184268176555,-0.4257787906625474,-0.2954711185633787,0.5068663329528644,,0.7415309869270487,,0.3947421890746365,0.37271698317879953,0.6409314797,,,,,0.7329133790000001,0.836097508,0.815283911,0.7416404665,0.6991071875,,,1000.5,newstest2019,9.1311,0.3963,65.1697,0.3963,0.5079,0.5645,65.7088,0.4735,65.635,0.6927,0.741530986927048,-0.14463958012
69,zh-en,0.266,KSAI-system.6927,0.651063427956561,0.8494433698058128,-0.4426147745059619,-0.30715644235146466,0.49425576390046627,,0.727371355944227,,0.3878441387828052,0.3656067436050191,0.63400622595,,,,,0.7255301059999999,0.831145636,0.8094442764999998,0.740837038,0.698042707,,,1000.5,newstest2019,9.0445,0.3925,63.8717,0.3925,0.4971,0.557,64.674,0.4637,64.3405,0.6829,0.727371355944226,-0.154214986003
70,zh-en,0.203,MSRA.MASS.6996,0.6670673480861186,0.8529897933602333,-0.4217527779579562,-0.2957245989339426,0.4953766515152529,,0.7371272739540381,,0.3961070681868535,0.3739026576845231,0.71796771325,,,,,0.7398468145,0.8367333595,0.8155619255000001,0.7445912965,0.701381971,,,1000.5,newstest2019,9.5465,0.4094,65.2954,0.4094,0.5359,0.5746,65.52,0.5043,65.6983,0.6859,0.7371272739540391,-0.142680431475
71,zh-en,0.195,MSRA.MASS.6942,0.6619205225147137,0.8497626000344753,-0.43609146589390946,-0.3010424984358833,0.48608585729356857,,0.7303103906229603,,0.3921142453935934,0.36962373197823056,0.70172149875,,,,,0.7359993205,0.8332397755,0.812275039,0.7439786745,0.7007298285,,,1000.5,newstest2019,9.468,0.3997,64.6166,0.3997,0.5275,0.5662,64.6177,0.4949,65.0164,0.6768,0.73031039062296,-0.146051802426
72,zh-en,0.193,NEU.6832,0.6396220296053782,0.8406674647778273,-0.47318754393576956,-0.3235389886465855,0.4761989501472563,,0.7092649793146664,,0.3754297347631633,0.3517045157280362,0.62319859335,,,,,0.712809928,0.8216132865000001,0.7993427590000001,0.7389310505,0.6958099075,,,1000.5,newstest2019,8.797,0.3628,61.8799,0.3628,0.4701,0.5312,62.5266,0.4381,62.3541,0.6594,0.7092649793146659,-0.165784764502
73,zh-en,0.18600000000000003,BTRANS.6825,0.6349836434037502,0.8356578925251961,-0.48154951576210725,-0.32633485207427293,0.44907202773634347,,0.7089007851752808,,0.37208370809320035,0.34801739597500786,0.6086418889649999,,,,,0.7068626375,0.8147390044999999,0.792439537,0.7373793814999999,0.6946231190000001,,,1000.5,newstest2019,8.6053,0.3541,61.5849,0.3541,0.4548,0.5201,61.9452,0.4207,62.0858,0.6569,0.70890078517528,-0.170809046307
74,zh-en,0.161,online-B.0,0.6775373450331253,0.853272353798151,-0.40292623926353466,-0.2854868488147622,0.5014324897304178,,0.7431449985487489,,0.4057213870307693,0.38335744835337515,0.91218346255,,,,,0.7513386695000001,0.839598687,0.819223095,0.7419976515000001,0.6985669594999999,,,1000.5,newstest2019,9.8358,0.4403,66.276,0.4403,0.5557,0.5914,66.9296,0.5286,66.5637,0.69,0.743144998548749,-0.13701756466700002
75,zh-en,0.10300000000000001,BTRANS-ensemble.6992,0.6371142188276312,0.8366042811274529,-0.47865443680553155,-0.3245008296528831,0.44998738646972924,,0.7108709066172264,,0.3735972630894976,0.3494844631223832,0.6108172549149999,,,,,0.7088787789999998,0.815888343,0.7936907670000001,0.7371955025,0.69434907,,,1000.5,newstest2019,8.6668,0.3577,61.7803,0.3577,0.4594,0.5228,62.0032,0.4258,62.2779,0.6572,0.710870906617225,-0.168616639004
76,zh-en,0.054000000000000006,UEDIN.6530,0.6041624001793109,0.8156886740475893,-0.5447058136354753,-0.36165386463329197,0.40969261451624334,,0.6685082393185641,,0.34718890879464676,0.3202222066209016,0.5429215583299999,,,,,0.6752542975,0.7914396265,0.768435745,0.732798068,0.6897491415,,,1000.5,newstest2019,7.8325,0.2971,57.1145,0.2971,0.3838,0.4694,56.6805,0.3512,57.6059,0.6011,0.668508239318565,-0.19870243328200002
77,zh-en,0.049,online-Y.0,0.6178597774033533,0.8150153495073319,-0.5195523500288928,-0.35111750582256357,0.4122010450763628,,0.6711751046012507,,0.3578105152375123,0.33240894141069494,0.5644650137999999,,,,,0.6929158049999999,0.8021083025,0.779192554,0.7401383890000001,0.6963305755,,,1000.5,newstest2019,8.236,0.3054,58.2222,0.3054,0.4588,0.4898,58.2869,0.4271,58.5103,0.5966,0.6711751046012521,-0.19305305658100003
78,zh-en,0.001,NICT.6814,0.6153297990638615,0.8241766956448555,-0.504059007410974,-0.3452110111056827,0.41306757311709225,,0.6924801695979432,,0.35708827697684464,0.32933315523309575,0.5430672737,,,,,0.684523201,0.795044813,0.7733410230000001,0.736647655,0.694569038,,,1000.5,newstest2019,8.0549,0.3261,58.9834,0.3261,0.4209,0.4985,58.9802,0.3866,59.5657,0.635,0.6924801695979421,-0.189519594894
79,zh-en,-0.065,online-A.0,0.6155771951972125,0.8163507275432348,-0.5227173504318068,-0.351664105056785,0.3716410995237529,,0.6750211435945324,,0.3569380040220052,0.3318925328373912,0.9215167980500001,,,,,0.6889546554999999,0.793801681,0.770636248,0.7372713445,0.6940463445,,,1000.5,newstest2019,8.393,0.3128,58.5102,0.3128,0.4341,0.4824,59.1045,0.3989,58.8498,0.614,0.6750211435945329,-0.191211256287
80,zh-en,-0.20199999999999999,online-G.0,0.5988581319642894,0.8007991680949926,-0.5678315519268661,-0.36916994688799604,0.32094707666989414,,0.6478882395688439,,0.3393712936232271,0.31184529533739475,0.54176816065,,,,,0.67717476835,0.7792936575,0.7551623320000002,0.735884911,0.6922280515,,,1000.5,newstest2019,7.8969,0.2806,56.2719,0.2806,0.4031,0.4463,55.8495,0.3665,56.5101,0.5745,0.647888239568844,-0.208710213471
81,zh-en,-0.483,online-X.0,0.5679979552472224,0.7863351101577282,-0.5903609020967436,-0.4012577746957541,0.2753520399369299,,0.6399412999817334,,0.323907169959857,0.29310727949730747,0.4582802683,,,,,0.638451984,0.7405115305,0.71712354,0.7267924840000001,0.6839758830000001,,,1000.5,newstest2019,7.3594,0.2515,51.5024,0.2515,0.3708,0.4191,51.8508,0.341,51.9457,0.5484,0.639941299981734,-0.22255602453099999
82,zh-en,-0.9570000000000001,Apprentice-c.6706,0.5118566725262246,0.7213181958198548,-0.731767742984659,-0.46134313733736054,0.07352235413622112,,0.5530833433739977,,0.2661294489986212,0.22858206909886938,0.357626845175,,,,,0.586003991,0.6886495215,0.6644063385,0.7108040590000001,0.6658668225000001,,,1000.5,newstest2019,5.2143,0.1777,43.8478,0.1721,0.3102,0.3552,42.5638,0.2864,44.5407,0.4619,0.553083343373999,-0.287748464925
83,en-zh,0.306,KSAI-system.6982,0.39564476751279476,,-0.5778323488506167,-0.4702822329081468,0.5385352780272495,,,,,,,,,,,0.6169969043565349,0.8437655543314972,0.805834355032549,0.7416793319979971,0.706164759138708,,,999.0,newstest2019,9.1408,0.4242,55.338,0.1666,0.4828,0.5773,37.753,0.4473,49.3265,0.6894,,
84,en-zh,0.28,Baidu-system.6932,0.3781924607306847,,-0.5819715180547949,-0.4725342317916636,0.5425348521490536,,,,,,,,,,,0.6236672263395092,0.844071375062594,0.8047865628442664,0.7421498222333501,0.705840755132699,,,999.0,newstest2019,9.2213,0.4247,55.3691,0.197,0.4827,0.5795,40.578,0.4467,49.0552,0.6894,,
85,en-zh,0.209,NEU.6830,0.36098606739290134,,-0.6279671336590895,-0.5069587812001146,0.5091564066483768,,,,,,,,,,,0.600646609364046,0.83706253780671,0.7977988397596395,0.7390405888833249,0.7045718597896845,,,999.0,newstest2019,8.8975,0.399,53.175,0.1099,0.467,0.5572,34.2616,0.4304,46.2827,0.6711,,
86,en-zh,0.052000000000000005,online-A.0,0.3176550786096029,,-0.7077436567504646,-0.5798217644061544,0.4131541874070368,,,,,,,,,,,0.5523831567351026,0.8176602689033551,0.7770119629444167,0.7353846915373059,0.699829557336004,,,999.0,newstest2019,7.8385,0.3129,45.8106,0.0229,0.4061,0.4862,25.7531,0.3711,39.5987,0.5871,,
87,en-zh,0.042,xzl-nmt.6847,0.3418141170818887,,-0.6777565195805275,-0.5400119300322624,0.44192053111686064,,,,,,,,,,,0.5750345513269904,0.8206752674011017,0.7813611712568853,0.7399120941412118,0.7055152593890837,,,999.0,newstest2019,8.4517,0.3563,49.5799,0.0971,0.4409,0.5203,30.9505,0.4043,42.8095,0.6262,,
88,en-zh,0.017,UEDIN.6158,0.33707379093892753,,-0.6831941971738761,-0.546512718330164,0.44290999944462184,,,,,,,,,,,0.5677926189283926,0.8203355488232348,0.7813398087130696,0.7383362558838257,0.7041487491236855,,,999.0,newstest2019,8.3099,0.3442,48.8383,0.0716,0.4334,0.5102,29.8686,0.3963,42.4348,0.6165,,
89,en-zh,0.009000000000000001,BTRANS.6821,0.3648468509441685,,-0.6057380233518718,-0.49425393403971796,0.47408014465238607,,,,,,,,,,,0.6000728334501753,0.8287947886830245,0.7900843520280421,0.745786774161242,0.7101319674511767,,,999.0,newstest2019,8.5214,0.3835,52.7256,0.0858,0.4248,0.5451,36.2947,0.388,46.1711,0.6598,,
90,en-zh,0.0,NICT.6817,0.32598299287441496,,-0.6871463339398711,-0.5554396389294779,0.4303206490773874,,,,,,,,,,,0.5616276875312969,0.8174716449674512,0.7786319424136203,0.7357230856284427,0.6997394366549826,,,999.0,newstest2019,8.1382,0.3446,49.0528,0.0514,0.4158,0.5116,28.2107,0.3792,42.0764,0.6301,,
91,en-zh,-0.125,online-B.0,0.35742074091091436,,-0.6462681425513009,-0.5182855590083392,0.4781881151937739,,,,,,,,,,,0.5952574171256885,0.8260844181271908,0.7871738337506259,0.7516019584376564,0.7156584571857787,,,999.0,newstest2019,8.7297,0.3693,51.5811,0.0426,0.4683,0.5372,33.848,0.429,44.3961,0.6388,,
92,en-zh,-0.218,online-Y.0,0.34058931391728475,,-0.6989872859982675,-0.5568288753949886,0.3779627219410068,,,,,,,,,,,0.5531696938908363,0.8085975187781672,0.768985023535303,0.7437438833249874,0.7086514366549824,,,999.0,newstest2019,8.04,0.3239,47.1554,0.0708,0.4228,0.4939,27.5087,0.3826,41.6734,0.6031,,
93,en-zh,-0.262,online-G.0,0.32442519947365667,,-0.7159321300598667,-0.5759035876588816,0.33112130617875835,,,,,,,,,,,0.553160285327992,0.8012858142213319,0.7620221156735102,0.7491202924386579,0.7134418072108162,,,999.0,newstest2019,7.7954,0.3022,45.899,0.041,0.3977,0.476,28.5101,0.3538,39.4146,0.5908,,
94,en-zh,-0.5529999999999999,online-X.0,0.28866319835336807,,-0.7924616349331828,-0.6521451783869705,0.2666363574103459,,,,,,,,,,,0.505023426189284,0.7818653099649475,0.741977130195293,0.7359848317476214,0.7010985257886831,,,999.0,newstest2019,6.8185,0.2452,39.1163,0.0053,0.3262,0.3997,20.9318,0.2877,33.5983,0.5083,,
95,fr-de,0.267,MSRA.MADL.6893,0.6443680312686002,,-0.39601174394863947,-0.2968022531501539,0.7322499278577199,,,,,,,,,,,0.7002190335097002,0.8839533768371547,0.8618084479717812,0.7988956754850087,,-183442.84622431867,-2301030.921243748,1322.0,newstest2019,6.4463,0.285,64.6862,0.3691,0.5177,0.5537,64.5564,0.4931,64.7996,0.6531,,
96,fr-de,0.24600000000000002,eTranslation.6262,0.6312060132543887,,-0.4174502623388245,-0.3110238913244632,0.708488927809998,,,,,,,,,,,0.6844490544973545,0.8770281904761904,0.8553712351557908,0.7984573286302175,,-153459.78292828923,-1978278.6572675144,1322.0,newstest2019,6.2962,0.2711,62.9638,0.3423,0.4966,0.53,62.7169,0.4714,62.9856,0.6329,,
97,fr-de,0.08199999999999999,LIUM.6720,0.6108863680981382,,-0.44145780165645554,-0.32324956812025835,0.6497279516668187,,,,,,,,,,,0.667115927983539,0.8685750670194002,0.8460018124632568,0.7991138547912991,,-182267.2862762616,-2182278.37988013,1322.0,newstest2019,5.8752,0.2435,61.306,0.3147,0.4501,0.5052,61.6334,0.4197,61.4325,0.5847,,
98,fr-de,0.037000000000000005,MLLP-UPV.6654,0.599387515569668,,-0.45893939777439313,-0.33733950465669016,0.6320649756897221,,,,,,,,,,,0.6530460024691357,0.8629168218694885,0.8396925761316871,0.7990075332157554,,-142290.3254200682,-1994153.170537162,1322.0,newstest2019,5.6319,0.2257,59.6323,0.2913,0.4281,0.4864,59.7124,0.4031,59.6997,0.5711,,
99,fr-de,0.001,online-Y.0,0.5843054467029593,,-0.47901136210374395,-0.3556166917883924,0.5837573413118426,,,,,,,,,,,0.634533677483833,0.8569082810111699,0.8329206455026454,0.7986371945914169,,-169920.72084802703,-1885392.7434755908,1322.0,newstest2019,5.3966,0.2078,57.4171,0.2703,0.4199,0.468,57.832,0.3959,57.3284,0.5683,,
100,fr-de,-0.018000000000000002,online-G.0,0.5850218426262417,,-0.46885400632058616,-0.3437055124225602,0.615232910293766,,,,,,,,,,,0.6438760759553204,0.8564875884773664,0.8311824644326867,0.7979251675485007,,-163454.4920714709,-2011790.0543736268,1322.0,newstest2019,5.5848,0.2228,58.1616,0.2855,0.3991,0.4638,58.695,0.3767,58.0533,0.5317,,
101,fr-de,-0.034,online-B.0,0.5899007553472698,,-0.4783201099658035,-0.35425708647614795,0.5997852268808087,,,,,,,,,,,0.639917786478542,0.8578010487948265,0.8338642962962962,0.7966386649029982,,-145817.46561024283,-1941242.139213396,1322.0,newstest2019,5.5586,0.2165,57.6598,0.2756,0.4305,0.4724,57.9552,0.4047,57.6754,0.5845,,
102,fr-de,-0.039,online-A.0,0.5983555990726012,,-0.4646662118482995,-0.3416803523666526,0.6072168537056395,,,,,,,,,,,0.6486718908289243,0.8607943186360965,0.8365973004115226,0.7966857548500881,,-163454.24744771604,-2031777.8762980886,1322.0,newstest2019,5.6118,0.2217,59.1023,0.2864,0.4308,0.4848,59.2093,0.4064,59.1941,0.5742,,
103,fr-de,-0.098,TartuNLP-c.6514,0.5797476556872654,,-0.48352052581798705,-0.35517208366438546,0.5840432331998608,,,,,,,,,,,0.6312888267489712,0.8551160917107583,0.8318912939447384,0.8002437007642563,,-158163.0769750876,-1887156.5338499309,1322.0,newstest2019,5.3379,0.2047,57.4584,0.2646,0.406,0.4614,57.7841,0.382,57.4224,0.552,,
104,fr-de,-0.41,online-X.0,0.5769233013731191,,-0.48836583124064353,-0.3612290183941821,0.5291731507171915,,,,,,,,,,,0.6332473374485598,0.8482081105232218,0.8226067824808937,0.8025873421516756,,-132295.7326625891,-1988862.6307937638,1322.0,newstest2019,5.2813,0.1991,56.3896,0.2549,0.3791,0.4535,56.4328,0.3553,56.5921,0.5107,,
105,ru-en,0.156,Facebook_FAIR.6937,0.6452553141625855,0.8447944825738668,-0.38686847381255046,-0.2877528109353734,0.5644518155390397,0.9029507493550001,,2.6150385,0.4033798067960565,0.38967111615043937,0.7123637963999999,0.5406229145049999,0.564883641365,,,0.716879317,0.8406340200000001,0.8214140434999999,0.76994281,,,,1567.195,newstest2019,5.7236,0.2606,63.2229,0.4125,0.5543,0.5904,64.7604,0.5252,63.9077,0.6933,,-0.156914907406
106,ru-en,0.134,online-G.0,0.6396979523745644,0.8294890922009945,-0.40415405945102284,-0.2980791319597047,0.4774620158364996,0.906858914115,,2.4222915000000005,0.4001047588909599,0.38630526888369865,0.7352970525,0.5333175520069999,0.55689114978,,,0.7103669155,0.82099827,0.8000445694999999,0.772830739,,,,1567.195,newstest2019,5.7547,0.2634,62.2491,0.4149,0.5341,0.5783,63.7355,0.5047,62.8557,0.6803,,-0.160947277432
107,ru-en,0.122,eTranslation.6598,0.6311524698924367,0.8260354578197002,-0.41747589840624366,-0.30907834349689073,0.5083393863793463,0.902513277735,,2.5127935,0.38667608895374017,0.37148730524495693,0.6616321525000001,0.537038052702,0.56043116316,,,0.7008018165,0.822532379,0.8027699645,0.7693095924999999,,,,1567.195,newstest2019,5.6938,0.2522,60.7915,0.3861,0.5345,0.5674,62.6007,0.5057,61.4001,0.6726,,-0.17616753062399998
108,ru-en,0.121,online-B.0,0.6647833216830459,0.8423780129104853,-0.3645336204158369,-0.27094196048518643,0.5322949916543439,0.9070188989000001,,2.5544919999999998,0.41730166291450954,0.40349396683132854,0.9227501595500001,0.532348990127,0.5556230167999999,,,0.73592823,0.8403139535,0.821411781,0.7733122525000001,,,,1567.195,newstest2019,6.0925,0.2952,65.7534,0.4656,0.5841,0.6207,67.4572,0.5567,66.3006,0.7179,,-0.145291684332
109,ru-en,0.115,NEU.6803,0.6474966054177976,0.8374598847776651,-0.3867674622760803,-0.2877555289705051,0.5022803882369772,0.910004339375,,2.355793,0.4022364891254232,0.38805102572263833,0.7287989216,0.536827778427,0.56059879716,,,0.7173083739999999,0.832603907,0.8127541695,0.7765742620000001,,,,1567.195,newstest2019,5.7616,0.2639,63.4848,0.4115,0.5495,0.5963,64.9259,0.5218,64.1716,0.6868,,-0.156361704535
110,ru-en,0.102,MSRA.SCA.6976,0.6453897178946241,0.8322254554778338,-0.39798447595528197,-0.2949339279336855,0.4922008424429223,0.90646051135,,2.4657270000000002,0.39597437403194724,0.38113581240453165,0.7065949970000001,0.5333214217924999,0.55646578398,,,0.7140918455,0.8292462765,0.8090760685,0.7736243705,,,,1567.195,newstest2019,5.8371,0.2662,62.7917,0.4108,0.5479,0.5844,64.0905,0.519,63.3838,0.6894,,-0.161845009834
111,ru-en,0.084,rerank-re.6540,0.6065395109198237,0.8224867687299847,-0.4230711265518088,-0.3061207881028531,0.44957031977642326,0.9093996029499999,,2.477259,0.3886326884820498,0.3736986774093515,0.69668097875,0.533557806047,0.5565466546925,,,0.6995395426,0.817122066,0.7973555524999999,0.7764137735,,,,1567.195,newstest2019,5.5564,0.2491,61.3772,0.3903,0.5277,0.572,62.9706,0.4997,62.0621,0.6734,,-0.177736042971
112,ru-en,0.076,online-Y.0,0.6337065397132722,0.8197328932732344,-0.40737174756323075,-0.30460754280886615,0.45493253752589224,0.9086208434699999,,2.7435074999999998,0.39317636204874473,0.37886392159327,0.67641158755,0.51948387757,0.541470101333,,,0.704251305,0.821518145,0.800710017,0.775433903,,,,1567.195,newstest2019,5.5395,0.2435,61.624,0.3827,0.5224,0.566,62.9539,0.4945,62.1402,0.6682,,-0.17993291557799998
113,ru-en,0.028999999999999998,online-A.0,0.6244509739237452,0.8186263763457536,-0.4171922423580031,-0.3107566577687394,0.4444700042698532,0.909173350435,,2.4321260000000002,0.3795937026695385,0.36259497528583734,0.6643444530999999,0.5294581721000001,0.552223133495,,,0.6949868784999998,0.808544935,0.7884835459999999,0.7733189119999999,,,,1567.195,newstest2019,5.4559,0.2402,60.5474,0.3784,0.5113,0.5559,61.9282,0.485,61.0998,0.6628,,-0.175580814634
114,ru-en,0.012,afrl-syscomb19.6782,0.6278130242780129,0.8130433300584554,-0.415672294869686,-0.3094200354130007,0.3884492349419743,0.9055168658699999,,2.3554405,0.3834312807902081,0.3673580584524243,0.6740775926,0.5260443155719999,0.5481101583499999,,,0.6967685225,0.8056398199999999,0.7852912015,0.7708875774999999,,,,1567.195,newstest2019,5.5309,0.2462,60.7677,0.3841,0.5206,0.5627,62.3674,0.4924,61.3917,0.6715,,-0.179885975889
115,ru-en,-0.039,afrl-ewc.6659,0.6130347601635662,0.8096225498318672,-0.43038967394845895,-0.32100283647188915,0.3863583983266726,0.9035841594049999,,2.3982229999999998,0.36780918326617756,0.35013639036438315,0.61344905975,0.53041245501,0.5536183272349999,,,0.6807621260000001,0.798319003,0.778907871,0.769295528,,,,1567.195,newstest2019,5.2283,0.2237,59.0107,0.3506,0.4994,0.5432,60.8339,0.4731,59.6155,0.6519,,-0.19400613349800003
116,ru-en,-0.04,TartuNLP-u.6650,0.5960365689285865,0.7977503625899554,-0.4564361060944693,-0.34101689663430446,0.3994225467275828,0.9064076320300001,,2.4045435000000004,0.35568063893216506,0.33713243200546517,0.5622408649,0.53129347162,0.5543174866050001,,,0.6610874115,0.786390769,0.766175967,0.7638202225,,,,1567.195,newstest2019,4.9903,0.2039,56.4353,0.3206,0.4706,0.5092,57.5719,0.443,57.0466,0.6262,,-0.21161680316
117,ru-en,-0.09699999999999999,online-X.0,0.593043258271642,0.7967987739145755,-0.4523739878814007,-0.34231053296569736,0.32388236854970454,0.90244349011,,2.587971,0.36663879515681863,0.3479097055860004,0.6001584635500001,0.519173147745,0.5409854546900001,,,0.663836377,0.763412448,0.7431039365,0.7591804560000001,,,,1567.195,newstest2019,5.1347,0.2205,56.2072,0.3486,0.46,0.5122,57.3025,0.4351,56.8488,0.6094,,-0.194301864207
118,ru-en,-0.303,NICT.6561,0.5508475416122736,0.7317753120809793,-0.5110184743118552,-0.3952457941547036,-0.0014379457850009203,0.9127942513099999,,2.9020915,0.31546404692492874,0.29729256900800477,0.486848413505,0.51355911341,0.5345171294775001,,,0.60004636158,0.7175264055,0.6961256310000001,0.7934095600000001,,,,1567.195,newstest2019,4.6116,0.1865,50.5932,0.2907,0.4315,0.488,54.1449,0.4064,51.4084,0.5847,,-0.286410729317
119,kk-en,0.27,online-B.0,0.5949347154064774,0.8033203436732292,-0.5046227693893992,-0.3537097347099334,0.45068678332492706,,0.6500097072488947,,0.35439148289690325,0.33680621633130114,0.818961196,,,,,0.657215859,0.788526417,0.7653202969999999,0.685573826,,,,500.5,newstest2019,7.6229,0.3393,55.9595,0.3393,0.4611,0.5042,57.3677,0.4305,56.6725,0.6167,0.6500097072488951,-0.209044681114
120,kk-en,0.218,NEU.6753,0.59096884448897,0.8071262695491314,-0.5038804646910543,-0.3515315175242722,0.4236256393287331,,0.6603778696308328,,0.35555680497666914,0.33949657690072493,0.48076277359999997,,,,,0.655185749,0.791858033,0.769659078,0.6865050249999999,,,,500.5,newstest2019,7.4697,0.3251,56.3163,0.3251,0.4348,0.4997,57.5442,0.3995,57.1069,0.6289,0.660377869630834,-0.208369564871
121,kk-en,0.18899999999999997,rug_kken_morfessor.6677,0.5735930308326165,0.7948402079939842,-0.5309266256581877,-0.3672559990994632,0.402713835882023,,0.6395076206410838,,0.3431878801560871,0.3261656869150313,0.4504042839,,,,,0.638581462,0.776951141,0.754712727,0.684650458,,,,500.5,newstest2019,7.017,0.2999,54.3691,0.2999,0.3941,0.4722,55.0636,0.3549,55.1545,0.5926,0.639507620641083,-0.226154068223
122,kk-en,0.133,online-G.0,0.5605577503026741,0.7832953661680222,-0.5566667978709925,-0.38383777980133893,0.3220723329782486,,0.6167123746212938,,0.3312322832703297,0.3146107417856908,0.4184922541,,,,,0.6242842940000001,0.760535666,0.7367675890000001,0.680943684,,,,500.5,newstest2019,6.9784,0.2913,52.6363,0.2913,0.3792,0.4531,54.4189,0.3412,53.2552,0.5901,0.6167123746212929,-0.240853595598
123,kk-en,0.113,talp_upc_2019_kken.6657,0.5498471188881167,0.7726623488366604,-0.5800660734445592,-0.39308049392374234,0.3461275095120072,,0.6070840682495691,,0.3254117136837962,0.307601834082448,0.4023943227,,,,,0.610861666,0.750705774,0.727400511,0.6792703999999999,,,,500.5,newstest2019,6.6711,0.2696,51.4356,0.2696,0.358,0.4333,52.6752,0.3177,52.1097,0.5728,0.607084068249569,-0.25215398086199997
124,kk-en,0.092,NRC-CNRC.6895,0.5583161843943794,0.780137034624815,-0.5511241701549657,-0.38477558238059284,0.278883739201352,,0.6198256452916031,,0.3282908768805576,0.31131823191322233,0.4018134772,,,,,0.619676004,0.757577808,0.734081188,0.685421253,,,,500.5,newstest2019,6.6534,0.2678,52.4304,0.2677,0.3726,0.4523,54.3864,0.3325,53.1878,0.5711,0.6198256452916031,-0.24811041660799998
125,kk-en,0.066,Frank_s_MT.6127,0.5243926906212496,0.7934620128571988,-0.5432502212692987,-0.36097413089033215,0.3138057337254286,,0.5553948367752509,,0.33810741889329077,0.31685891088398044,0.39013453049999997,,,,,0.6293516870000001,0.7617052329999999,0.7386678019999999,0.678925328,,,,500.5,newstest2019,5.2285,0.2129,55.016,0.2129,0.0624,0.4664,56.165,0.0443,55.7952,0.2296,0.55539483677525,-0.25610042433200003
126,kk-en,0.064,NICT.6770,0.5552493274645244,0.7688278728872537,-0.5629200262616834,-0.3915357187585905,0.2357518205754459,,0.6182045570103792,,0.32057775659851495,0.30174783139196554,0.41640597609999996,,,,,0.6183984628000001,0.7448225359999999,0.721382658,0.685719545,,,,500.5,newstest2019,6.7136,0.2798,51.5469,0.2798,0.3745,0.4542,53.2322,0.3364,52.3782,0.5814,0.618204557010379,-0.252409235778
127,kk-en,0.003,CUNI-T2T-transfer-kken.6436,0.507374721973548,0.7352413156926632,-0.6585220641769588,-0.44497869499400255,0.2423873108625412,,0.5386242328060176,,0.2820150520668983,0.260564918759827,0.3297391529,,,,,0.5670849169999999,0.7153580380000001,0.690527242,0.6753617780000001,,,,500.5,newstest2019,5.7313,0.2017,44.3586,0.2017,0.3294,0.3736,44.9609,0.301,44.9697,0.4824,0.5386242328060179,-0.294905726002
128,kk-en,-0.47700000000000004,UMD.6736,0.38899718185980936,0.6050650120377541,-0.8050287227761437,-0.5664365029670299,-0.22634792288392783,,0.3779315486955808,,0.1711968276281437,0.14751351010995262,0.19577218429999999,,,,,0.43482942920000006,0.555407046,0.528660217,0.637963669,,,,500.5,newstest2019,3.3079,0.1012,29.6787,0.1012,0.148,0.2439,29.6927,0.1328,30.3407,0.3489,0.37793154869558,-0.43214701032799996
129,kk-en,-1.058,DBMS-KU_KKEN.6726,0.300536843342995,0.4946522770226002,-0.8652836937391296,-0.6626318515092134,-1.292431036297232,,0.2787527421588321,,0.11935431852038962,0.09945575236157637,0.12354405080000001,,,,,0.3098861304,0.41893034999999995,0.39265867600000004,0.729190876,,,,500.5,newstest2019,2.4216,0.0374,18.4253,0.0374,0.0114,0.1675,20.6853,0.0004,19.7479,0.2413,0.27875274215883195,-0.623407335727
130,gu-en,0.21,NEU.6756,0.5581159543494755,0.7651822117897938,-0.5242752143932281,-0.3791126624958802,0.23551070619939174,,,,0.3250573764130459,0.30894550605654325,0.3977631881889764,,,,,0.6276074562992127,0.7380218435039371,0.7177317519685038,0.625130875,,,,508.5,newstest2019,6.6638,0.2706,50.975,0.2706,0.3852,0.444,52.4192,0.3489,51.7725,0.5753,,-0.24166547676300001
131,gu-en,0.126,UEDIN.6534,0.5361015723106469,0.7447443028075957,-0.5607241273944303,-0.4025500612303626,0.14501545080863762,,,,0.3064662480867237,0.28881215240638375,0.3619499718503937,,,,,0.6005257913385826,0.7147473287401576,0.6943704458661418,0.6262118710629921,,,,508.5,newstest2019,6.2117,0.2352,48.1284,0.2352,0.3518,0.4126,49.505,0.3165,48.9424,0.5452,,-0.260280622541
132,gu-en,0.1,GTCOM-Primary.6969,0.522200682950773,0.7238303345782081,-0.5900195432364411,-0.4178012717619729,-0.015435219703858175,,,,0.29737936616605004,0.28066757987715446,0.33374429202755906,,,,,0.5854355049212598,0.6901466269685039,0.6691107559055117,0.6278321722440946,,,,508.5,newstest2019,5.9721,0.1985,46.7363,0.1985,0.3067,0.3678,47.681,0.2694,47.3034,0.5091,,-0.286267982875
133,gu-en,0.09,CUNI-T2T-transfer-guen.6431,0.5151902961188448,0.7253244570859774,-0.589688954898125,-0.4258434447898955,0.08689095143331435,,,,0.28915796532414917,0.27163330346147063,0.32514133641732285,,,,,0.5802300885826772,0.6937539330708661,0.6736340472440945,0.6237830334645669,,,,508.5,newstest2019,5.7038,0.1992,45.7618,0.1992,0.297,0.3613,45.7674,0.2635,46.3337,0.4965,,-0.28884666465
134,gu-en,0.066,aylien_mt_gu-en_multilingual.6826,0.513948924582401,0.7200228919194439,-0.6190100529639629,-0.43267758825141206,0.0278270301211068,,,,0.2858204998285409,0.2690607712525364,0.3206075739173228,,,,,0.5778135452755906,0.6888987391732284,0.6677128051181103,0.6273450393700788,,,,508.5,newstest2019,5.9227,0.1935,44.6991,0.1935,0.3196,0.3647,46.0474,0.2853,45.2957,0.4919,,-0.29618748911
135,gu-en,0.044000000000000004,NICT.6603,0.5082065851144746,0.7125228855788238,-0.6287651281267534,-0.4413778606681226,0.03927608915993313,,,,0.2819623895194138,0.2629973647656071,0.31156147364173226,,,,,0.572819813976378,0.68120425,0.660166779527559,0.623235188976378,,,,508.5,newstest2019,5.7207,0.1885,43.9311,0.1885,0.312,0.3637,44.8944,0.2782,44.6516,0.4907,,-0.294008620865
136,gu-en,-0.18899999999999997,online-G.0,0.47376712936931537,0.6186332487919199,-0.6970188574137509,-0.48121007830711215,-0.5396247577567505,,,,0.27262002766866356,0.2578897423767689,0.20432867057086615,,,,,0.5290938671259843,0.5919203661417324,0.5620213996062992,0.6198258267716537,,,,508.5,newstest2019,4.8346,0.1093,41.1438,0.1093,0.1638,0.2586,42.9706,0.1197,41.6449,0.4213,,-0.341393261804
137,gu-en,-0.192,IITP-MT.6824,0.4544510046060772,0.6331358346354774,-0.7085297459387391,-0.49666808463113316,-0.40934732446894345,,,,0.22997683747434672,0.2105262856647283,0.22559376250000004,,,,,0.507947091535433,0.5854822529527559,0.561484533464567,0.6234568789370079,,,,508.5,newstest2019,4.5397,0.111,37.2249,0.111,0.2201,0.2746,38.0365,0.1883,37.7844,0.4139,,-0.37553304192000003
138,gu-en,-0.27699999999999997,UdS-DFKI.6861,0.4486445116593698,0.6078207269604281,-0.719833691181616,-0.5071271535551806,-0.6351239882889901,,,,0.23583254854132965,0.21717271458720677,0.2244299599409449,,,,,0.4924833598425196,0.5579919133858268,0.5320472687007874,0.6159503061023622,,,,508.5,newstest2019,4.4886,0.1072,37.1391,0.1072,0.2021,0.2652,38.4045,0.1648,37.8587,0.4279,,-0.39755224464
139,gu-en,-0.29600000000000004,IIITH-MT.6688,0.42558044955606583,0.603161191993107,-0.7206982508732518,-0.5177668028577106,-0.5968685714073303,,,,0.21062626656013025,0.18962857020503093,0.21949813875000002,,,,,0.48659697047244094,0.5355653366141732,0.5130086663385827,0.6200873277559056,,,,508.5,newstest2019,4.0782,0.0967,32.6255,0.0967,0.1952,0.2415,32.2847,0.1768,33.1073,0.344,,-0.38692290456600004
140,gu-en,-0.598,Ju_Saarland.6525,0.42269317340437323,0.5968802607082945,-0.7337694116293696,-0.5498232765665908,-0.5011503312124423,,,,0.2183753118468554,0.1998947952066836,0.26660760935039374,,,,,0.42295669489173227,0.5564350679133858,0.5357466535433071,0.6817160698818897,,,,508.5,newstest2019,4.2033,0.1287,31.6066,0.1287,0.1812,0.2666,30.1596,0.1575,32.908,0.3714,,-0.45104294462300004
141,lt-en,0.23399999999999999,GTCOM-Primary.6998,0.6477553665001315,0.8476804243326187,-0.4036342544220277,-0.30106156107783316,0.5677374745104462,,,,0.3987120867086684,0.38353784790589446,0.6439471109,,,,,0.715033374,0.845293777,0.8259684009999999,0.721694953,,-422021.392569981,,548.17,newstest2019,8.087,0.364,62.7251,0.3784,0.5457,0.5688,63.8411,0.5138,63.3092,0.6749,0.6645904570241,-0.153302601041
142,lt-en,0.21600000000000003,tilde-nc-nmt.6881,0.6260439034031167,0.8306396690607071,-0.44524707493710025,-0.32885487801302227,0.5482748751025647,,,,0.37496020617587783,0.3572085509828488,0.6047367039000001,,,,,0.686659529,0.828918464,0.808760706,0.718217659,,-396021.48986564897,,548.17,newstest2019,7.7088,0.3262,59.7449,0.3315,0.5127,0.5319,60.4933,0.4792,60.2476,0.6458,0.6371999938017371,-0.18023512701799999
143,lt-en,0.213,NEU.6759,0.6355885159924209,0.8400273689627648,-0.42392056841538106,-0.31189294915273785,0.5561250993162393,,,,0.38862116334591085,0.37237057249790834,0.634341902,,,,,0.697996784,0.836612142,0.8168002019999999,0.722906429,,-380021.111126533,,548.17,newstest2019,7.7014,0.3342,61.2149,0.3547,0.5188,0.5493,62.3715,0.4832,61.9121,0.6713,0.654721876195725,-0.16278486660900002
144,lt-en,0.20600000000000002,MSRA.MASS.6945,0.6421983003614794,0.8409146919548511,-0.4132710036565662,-0.30628257224708794,0.534313981026411,,,,0.3920276523491492,0.3761167455831485,0.6420476553,,,,,0.704248892,0.838569393,0.8187411560000001,0.7248243480000001,,-352020.947551642,,548.17,newstest2019,7.8469,0.3467,62.0813,0.3656,0.5322,0.5605,63.3139,0.4981,62.7314,0.6756,0.661356864249545,-0.157614325703
145,lt-en,0.20199999999999999,tilde-c-nmt.6876,0.6191219479381195,0.8249413658976554,-0.4547327581235063,-0.3360306900786236,0.5284887904040515,,,,0.3690961844400149,0.3507482097265572,0.5928991920000001,,,,,0.680396136,0.8221516170000001,0.8017493529999999,0.718671698,,-383021.30828047596,,548.17,newstest2019,7.5749,0.3161,58.7031,0.3195,0.502,0.5202,59.2945,0.4683,59.2018,0.6328,0.629166353752457,-0.184775876205
146,lt-en,0.107,online-B.0,0.6115157984176142,0.8167509317398072,-0.48446025374214874,-0.3443347826264799,0.49049540582858026,,,,0.36387460602682237,0.34529942515227835,0.9092890456,,,,,0.67434808,0.809598454,0.7882315820000001,0.720997197,,-431021.14226223395,,548.17,newstest2019,7.5204,0.3049,57.5045,0.3071,0.483,0.5037,58.2911,0.4475,58.1618,0.624,0.619511681001244,-0.189116390812
147,lt-en,-0.055999999999999994,online-A.0,0.5860877955655499,0.7935197570323944,-0.5148950155332543,-0.3667301020398736,0.3624372043907642,,,,0.3427574847641019,0.3227668584867375,0.9281284574,,,,,0.646938308,0.777685474,0.755684488,0.7205132049999999,,-330020.780021751,,548.17,newstest2019,6.7544,0.2536,54.7219,0.2639,0.424,0.454,55.3511,0.388,55.2983,0.5903,0.595715589320068,-0.213688736583
148,lt-en,-0.059000000000000004,TartuNLP-c.6908,0.5783430157334194,0.7906369867622852,-0.516296483077838,-0.36916583515889945,0.31781143888272345,,,,0.3362369392476948,0.3157127571421016,0.49853180499999994,,,,,0.640273971,0.776353607,0.755000063,0.727845836,,-465021.956974407,,548.17,newstest2019,6.5629,0.2446,54.1481,0.2548,0.4249,0.4535,55.1356,0.3914,54.5472,0.5803,0.5772994995077061,-0.23443171794300002
149,lt-en,-0.284,online-G.0,0.5628388369783611,0.755226088821888,-0.566622952713004,-0.38828089109808206,0.042259653758257625,,,,0.3302113745597677,0.3116531914096425,0.4237106794,,,,,0.6214547130000001,0.7307976449999999,0.7064027519999999,0.730684313,,-550021.75248953,,548.17,newstest2019,6.3794,0.2078,52.3833,0.2177,0.3618,0.3978,53.3458,0.3209,52.9237,0.5677,0.569165949894038,-0.247095350992
150,lt-en,-0.337,JUMT.6616,0.4979182785951934,0.6957553888261319,-0.6463729962593023,-0.4634441492650658,0.02340011442452669,,,,0.27727575392622433,0.25666573897378375,0.4528156513,,,,,0.53924834126,0.6781392949999999,0.6563552690000001,0.6937667000000001,,-5316034.898665674,,548.17,newstest2019,5.4069,0.1755,43.3268,0.1765,0.2707,0.3461,43.4837,0.2417,43.9378,0.473,0.48040238344759895,-0.34182804744199996
151,lt-en,-0.396,online-X.0,0.5373427766600242,0.7449744075238705,-0.5862176516913632,-0.41473926742747425,0.049601481173187495,,,,0.3127286798879442,0.2910857392875855,0.44532682902500004,,,,,0.596953649,0.702383035,0.6781671499999999,0.709965824,,-481021.982052418,,548.17,newstest2019,6.2094,0.2123,48.1153,0.2138,0.3508,0.3824,48.1102,0.3214,48.6108,0.5069,0.5547082273904059,-0.26079721799100003
152,en-de,0.34700000000000003,Facebook_FAIR.6862,0.6702416022272996,,-0.35262191840568946,-0.2704848361222104,0.7431488881553591,0.9268730665748623,,2.4704401602403605,,,,0.5627951741161743,,0.662443264897346,0.7206039559339008,0.7382516549824738,0.8954648673009514,0.8766376289434152,0.8097865918878318,0.7739386154231347,-163768.18646297648,-2016559.6560481056,4656.064096144216,newstest2019,4.4074,0.1803,67.4353,0.4406,0.5817,0.6138,68.0522,0.5554,67.6233,0.7006,,
153,en-de,0.311,Microsoft-WMT19-sentence_document.6974,0.6761152964346633,,-0.34593377407856307,-0.26461934451674635,0.7497633063228792,0.9296998932749124,,2.3399704556835252,,,,0.5646588407511268,,0.6595979969954933,0.7238474712068103,0.7435483134702052,0.8974697981972959,0.8784466905358037,0.8121002318477716,0.776205995993991,-160262.7331299269,-1915908.4916825255,4656.064096144216,newstest2019,1.1421,0.1564,68.1141,0.4514,0.5887,0.621,68.6515,0.5629,68.2927,0.705,,
154,en-de,0.29600000000000004,Microsoft-WMT19-document-level.6808,0.6757385578697609,,-0.3463738903877749,-0.2648156965263356,0.7535587482464033,0.9283982618477716,,2.3805002503755635,,,,0.563713181362043,,0.6609539809714573,0.723750225338007,0.7431145363044568,0.8972425413119679,0.8779955673510266,0.8112632874311466,0.7753366269404106,-155255.27704410013,-1952463.3254547669,4656.064096144216,newstest2019,4.484,0.1861,68.1073,0.4517,0.5885,0.6205,68.6534,0.5632,68.2748,0.7052,,
155,en-de,0.214,MSRA.MADL.6926,0.6774879692655587,,-0.34471704815652954,-0.2654370925912487,0.7538794590842071,0.9316112612719079,,2.225861291937907,,,,0.5686094647656484,,0.6660846770155233,0.7228277416124187,0.7446914246369555,0.8964744141211818,0.877777778668002,0.8138365763645469,0.7776201867801702,-159261.07933160343,-1942448.0732444765,4656.064096144216,newstest2019,4.4495,0.1861,68.0557,0.4639,0.5995,0.6291,68.8283,0.5756,68.2442,0.7143,,
156,en-de,0.213,UCAM.6731,0.6683954345220117,,-0.35985649362372,-0.27877586367017737,0.7292750753034661,0.9284271686379569,,2.230486229344016,,,,0.5691284299749625,,0.6590067100650976,0.7228348522784177,0.7358747456184276,0.8927157325988984,0.8739107406109163,0.8126830781171759,0.7764535027541313,-153251.86841266652,-1878351.3590118473,4656.064096144216,newstest2019,4.3994,0.1807,66.4904,0.4458,0.5852,0.6138,67.123,0.5625,66.718,0.7013,,
157,en-de,0.20800000000000002,NEU.6763,0.6720008625450552,,-0.3548064072139811,-0.27381048693986676,0.7358787941826161,0.9304072602103155,,2.2663995993990986,,,,0.5661509585197797,,0.6605569854782172,0.7233973460190286,0.7390181882824237,0.8946824166249373,0.8759731492238356,0.8132484426639961,0.7772717175763646,-157758.73314775314,-1971992.063448937,4656.064096144216,newstest2019,4.4681,0.1844,67.041,0.4497,0.5917,0.6201,67.7084,0.5682,67.2409,0.7048,,
158,en-de,0.18899999999999997,MLLP-UPV.6651,0.6598928068632297,,-0.37164795041471654,-0.2837633994752709,0.7170969381836104,0.9291577528442664,,1.926442663995994,,,,0.5736404574511768,,0.6959140210315473,0.7440487230846269,0.7262865958938408,0.8902994827240862,0.8713105833750626,0.8111217250876315,0.7752077000500752,-158759.8579415388,-2093173.8779127977,4656.064096144216,newstest2019,4.3085,0.1741,65.4658,0.4284,0.5691,0.5982,66.4968,0.5442,65.7794,0.6895,,
159,en-de,0.13,eTranslation.6823,0.6633298595184521,,-0.3651101333543982,-0.2814244263648985,0.7149209005713396,0.9305259069904858,,2.3217681522283424,,,,0.565697144939409,,0.6660781672508763,0.721577466199299,0.7300338592889335,0.8914721251877816,0.8730445843765648,0.8120877801702554,0.7761123445167751,-168775.51622605007,-1938942.6112462704,4656.064096144216,newstest2019,4.3212,0.1755,66.093,0.4347,0.5755,0.605,66.7713,0.5514,66.2758,0.6937,,
160,en-de,0.11900000000000001,dfki-nmt.6479,0.6608935704938904,,-0.36355104497790053,-0.2817661934736841,0.720594139650285,0.9313834747771658,,1.9351116675012516,,,,0.5759577493309965,,0.6942299949924887,0.7452911367050575,0.72863760891337,0.8883698272408612,0.8696428157235854,0.8095730926389585,0.7735358462694042,-163767.3494297306,-2113204.2321891817,4656.064096144216,newstest2019,4.3448,0.1774,65.6095,0.4377,0.5654,0.5954,66.4492,0.542,65.9008,0.6846,,
161,en-de,0.094,online-B.0,0.6579629905279913,,-0.38446459072291833,-0.29157071034245624,0.7154593305220631,0.9202120590736105,,2.0168612919379068,,,,0.5707834193390086,,0.7035731096644967,0.7411011016524788,0.7248276494742113,0.8883804707060591,0.8690813179769654,0.8075525237856787,0.7708120455683525,-163266.54956276665,-2006042.6258990096,4656.064096144216,newstest2019,4.432,0.1807,64.6937,0.4195,0.5619,0.5866,65.3301,0.5396,65.0028,0.673,,
162,en-de,0.094,Microsoft-WMT19-sentence-level.6785,0.6699283213198024,,-0.35851095985506043,-0.2736873390765382,0.7047130098418577,0.9330706071807712,,2.289182774161242,,,,0.5644989426339508,,0.6559810215322985,0.7210919879819729,0.7364917040560841,0.8924425087631447,0.8729928507761643,0.8149800515773661,0.778101493740611,-169276.0471703921,-1913904.8248793224,4656.064096144216,newstest2019,4.4642,0.1846,67.0579,0.447,0.5814,0.612,67.7573,0.556,67.2629,0.7042,,
163,en-de,0.081,JHU.6819,0.6632560840676076,,-0.36358396062215365,-0.2812957207903846,0.7079780894365678,0.9335904413670505,,2.0763074611917878,,,,0.5700953380640962,,0.6715960941412118,0.7335540811216826,0.7303354937406109,0.8908417791687532,0.8719875383074611,0.8150364061091638,0.7789626589884827,-158259.45925123134,-1920414.7685537226,4656.064096144216,newstest2019,4.327,0.1761,66.0081,0.439,0.5789,0.6091,66.7868,0.555,66.2531,0.6972,,
164,en-de,0.077,Helsinki-NLP.6820,0.6620924272612205,,-0.37131640729791343,-0.28514701521311386,0.7025189365177058,0.9314016975763646,,2.1717721582373564,,,,0.5662255992208312,,0.6600103154732099,0.7224817726589885,0.7279919003505259,0.8891003335002504,0.8695261932899349,0.8139036504757136,0.7771938097145719,-160763.16637204157,-1927925.6168521065,4656.064096144216,newstest2019,4.3774,0.1777,65.7124,0.4303,0.5739,0.6011,66.3605,0.5495,65.8946,0.6896,,
165,en-de,0.038,online-Y.0,0.6673320678164076,,-0.362090581051135,-0.2809953966310213,0.7091283594639612,0.9345056464246371,,2.1540711066599902,,,,0.5695897500550826,,0.6653725087631447,0.7202412118177266,0.733756315953931,0.8905672523785678,0.8709795247871807,0.8164380480721082,0.7802628372558839,-161263.72115305607,-1920414.2207934593,4656.064096144216,newstest2019,4.4047,0.1793,66.1799,0.4344,0.582,0.6075,66.4378,0.5588,66.3968,0.6923,,
166,en-de,0.01,lmu-ctx-tf-single-en-de.6981,0.6529894315399148,,-0.38293729936870025,-0.2897906513023295,0.6720531254124902,0.9314924153730596,,2.2795923885828744,,,,0.5613696437936905,,0.6628526289434152,0.7206932398597897,0.7189968738107161,0.8857573019529295,0.8647106820230346,0.8145414737105657,0.7772076149223835,-184799.61213190036,-2106193.441008218,4656.064096144216,newstest2019,4.3336,0.1748,65.0074,0.4191,0.5568,0.5889,65.7571,0.5318,65.1958,0.6831,,
167,en-de,0.001,PROMT_NMT_EN-DE.6674,0.6420281830405016,,-0.39820758782188664,-0.30502939835432347,0.6454807129300548,0.9326216507561342,,1.9035603405107662,,,,0.5709974423665498,,0.6981428642964447,0.7391149223835753,0.7093192618928393,0.8807979754631948,0.8614543660490735,0.8127817866800201,0.7765513430145219,-155254.51839450377,-2089668.3714605102,4656.064096144216,newstest2019,4.1875,0.1639,62.7942,0.3881,0.5386,0.5688,63.2633,0.5136,63.1509,0.6601,,
168,en-de,-0.07200000000000001,online-A.0,0.6511779296862744,,-0.38416780587503996,-0.2932941346651043,0.6765304466114418,0.9283524106159239,,1.9838132198297447,,,,0.5708239715743616,,0.6935063094641963,0.7357626940410615,0.7192240600901352,0.885440604907361,0.8658316705057586,0.8107154752128193,0.774381296444667,-147743.25249395194,-2064130.1071756475,4656.064096144216,newstest2019,4.2303,0.1706,64.3615,0.4224,0.554,0.5873,65.6583,0.5296,64.6552,0.6792,,
169,en-de,-0.11900000000000001,online-G.0,0.6357110899879727,,-0.40415300632901635,-0.30961285797008403,0.6612521185484632,0.9271965106509765,,2.2099419128693043,,,,0.5717236020756135,,0.6628013019529294,0.7299491236855283,0.7089131482223334,0.8750537711567351,0.8528534041061592,0.8116464556835254,0.7736751962944417,-170276.91515650024,-2201335.099876339,4656.064096144216,newstest2019,4.3206,0.1726,61.6799,0.4027,0.5299,0.5509,61.9575,0.5079,61.844,0.6336,,
170,en-de,-0.129,UdS-DFKI.6871,0.6446918627878563,,-0.39738287009705076,-0.30259390518059476,0.6407877615629427,0.9266688110065098,,2.1763730595893844,,,,0.5617797133169754,,0.6618804707060593,0.7175457185778668,0.7107417150726089,0.8787225167751627,0.857787612919379,0.8115160035052579,0.7742774531797697,-174784.07654592337,-2044099.6409829154,4656.064096144216,newstest2019,4.2198,0.1678,63.4669,0.3988,0.5433,0.5736,63.6752,0.5179,63.7115,0.666,,
171,en-de,-0.132,TartuNLP-c.6508,0.6277793013686483,,-0.41095940962727284,-0.31601490069793525,0.6366440413814014,0.9288262832899349,,1.8517245868803205,,,,0.5719653303805708,,0.6930605408112169,0.7377999999999999,0.6924347020530797,0.8753771352028041,0.8550034216324487,0.8096658562844268,0.7733961271907862,-153251.619602332,-1979002.1596455292,4656.064096144216,newstest2019,4.102,0.1597,61.5025,0.3721,0.5235,0.5533,62.3293,0.5005,61.7942,0.6454,,
172,en-de,-0.4,online-X.0,0.6067728538787216,,-0.43374933376227814,-0.3334724275074884,0.5321305588830513,0.9367279445368052,,2.006808212318478,,,,0.5708366396414623,,0.6836686529794693,0.7188373560340511,0.6726066659989985,0.8575276344516776,0.8344728838257387,0.8051835067601402,0.7672568037055584,-143737.0610164752,-2120715.8476364636,4656.064096144216,newstest2019,3.6255,0.1301,58.5664,0.3233,0.4651,0.5046,58.8628,0.4414,58.8626,0.5963,,
173,en-de,-1.7690000000000001,en_de_task.6790,0.49900187949111774,,-0.6007904187564624,-0.44531585687923475,0.06795891947285532,0.8570583488632949,,3.1324787180771154,,,,0.5073171981497246,,0.6806941412118177,0.7316493740610917,0.5555436315022534,0.782604723084627,0.757821758637957,0.7543072498748122,0.7169942203304958,-315496.62020111765,-2091168.560493953,4656.064096144216,newstest2019,2.7876,0.0803,45.6297,0.1718,0.3367,0.3669,46.3964,0.3198,45.7783,0.4603,,
174,en-ru,0.506,Facebook_FAIR.6724,0.617155090865802,,-0.40388187519403707,-0.31248485413531535,0.6345581557551789,0.9146334233099649,,2.911779669504256,,,,0.49881529723585377,0.5220688142463695,0.3901149223835754,0.3188073610415624,0.7085727765147721,0.8825276885327992,,0.7657876504757135,,,,2019.848272408613,newstest2019,4.9576,0.2247,71.3104,0.3719,0.5267,0.5682,59.5507,0.5118,70.1303,0.6261,,
175,en-ru,0.332,USTC-MCC.6795,0.6079722317967874,,-0.4198127743923728,-0.32539485153111614,0.5976412523590107,0.9168948407260891,,2.814218327491237,,,,0.4990766091807712,0.5222641530295443,0.384250375563345,0.3169676014021031,0.699461561342013,0.8765577290936404,,0.768057067100651,,,,2019.848272408613,newstest2019,4.8717,0.2178,70.166,0.3547,0.5155,0.5545,58.0263,0.5004,68.9835,0.61,,
176,en-ru,0.27899999999999997,online-G.0,0.5992679734383699,,-0.433005255701366,-0.33719319274227433,0.5807809245239376,0.9147815471657487,,2.9311597396094142,,,,0.4958170782623936,0.5189619714672009,0.3829089634451678,0.3129263395092639,0.6908989530796195,0.870376197295944,,0.7668948622934402,,,,2019.848272408613,newstest2019,4.9059,0.2178,68.8348,0.3413,0.507,0.5372,56.8096,0.4933,67.4132,0.5878,,
177,en-ru,0.26899999999999996,online-B.0,0.5972529614072365,,-0.4343855288607439,-0.3405258824613223,0.5884689263583002,0.9123045083775664,,3.1940195292939406,,,,0.491322665338007,0.5133571483455184,0.38094772158237356,0.3021518277416124,0.6860432568853279,0.8714694161241864,,0.7638234366549825,,,,2019.848272408613,newstest2019,4.7574,0.2036,68.8301,0.3202,0.4951,0.5283,56.4801,0.4811,67.3174,0.5769,,
178,en-ru,0.223,NEU.6773,0.6022467418518823,,-0.42254816313926563,-0.33025841956536583,0.5782307722937114,0.9222510482573861,,2.7848067100650975,,,,0.49872709529794684,0.5220631552078118,0.3815800701051577,0.3110241362043064,0.6924219237356034,0.874602771156735,,0.7693567100650976,,,,2019.848272408613,newstest2019,4.7736,0.2114,69.6921,0.3462,0.5081,0.5495,57.3996,0.4942,68.4989,0.6069,,
179,en-ru,0.21899999999999997,PROMT_NMT_EN-RU.6989,0.5875599999138997,,-0.447864692130316,-0.3475663888738731,0.553335224318728,0.9172268311016525,,2.860207811717576,,,,0.4953737643034552,0.5183407003955934,0.394943565348022,0.31924481722583875,0.6767831316975463,0.8680532814221332,,0.765526561342013,,,,2019.848272408613,newstest2019,4.5933,0.1941,68.1374,0.3133,0.4835,0.5226,55.1579,0.4676,66.8183,0.5828,,
180,en-ru,0.156,online-Y.0,0.5878174155506973,,-0.44364690331153306,-0.3474765578854403,0.5584825859977558,0.9183247645117676,,3.1029849774661993,,,,0.488906555563345,0.5110440308963445,0.38469484226339506,0.31054651977966946,0.683309161742614,0.8690925162744116,,0.7674560075112669,,,,2019.848272408613,newstest2019,4.5905,0.1909,67.9859,0.302,0.4818,0.5171,55.2255,0.4681,66.4704,0.5675,,
181,en-ru,-0.188,rerank-er.6572,0.524606252505869,,-0.5030668322929351,-0.38696666989446576,0.4639190222872594,0.9225211608512769,,2.851313470205308,,,,0.49326831085327993,0.5164779323084627,0.37454206309464194,0.3064722583875814,0.6315776104907361,0.8538314591887832,,0.7814669574361542,,,,2019.848272408613,newstest2019,4.1289,0.1734,63.3983,0.2856,0.439,0.4825,51.3483,0.4245,62.1776,0.5411,,
182,en-ru,-0.268,online-A.0,0.5516242788815479,,-0.49662392985718895,-0.38453912102063753,0.4082014753800828,0.9210314916024036,,2.977824236354532,,,,0.4807105100781172,0.5004873323535303,0.3634950425638458,0.29964937406109166,0.6418418934401602,0.8460063134702053,,0.7639035538307462,,,,2019.848272408613,newstest2019,4.0337,0.1538,65.0094,0.2459,0.4227,0.4556,50.5605,0.4097,63.2247,0.5156,,
183,en-ru,-0.31,TartuNLP-u.6645,0.5432964343890112,,-0.50669943753671,-0.3922514465984244,0.4452059397500281,0.9167698136254382,,2.72665047571357,,,,0.49141572248072113,0.5134902579218829,0.3889185277916875,0.3207475212819229,0.6249742212368553,0.8472182749123685,,0.7648938432648974,,,,2019.848272408613,newstest2019,3.9511,0.1568,64.1151,0.2574,0.4042,0.4541,50.2885,0.3886,62.5555,0.5265,,
184,en-ru,-0.363,online-X.0,0.5428766745956219,,-0.5079490717959634,-0.39175588549401574,0.4166601113095958,0.9149904332348523,,2.943585378067101,,,,0.48401381492939416,0.50551868444667,0.3791787681522283,0.3161529293940912,0.6397263637956936,0.8355630806209314,,0.755321493740611,,,,2019.848272408613,newstest2019,4.1127,0.1593,63.711,0.2643,0.4075,0.4504,49.3051,0.3918,62.1492,0.5272,,
185,en-ru,-1.27,NICT.6563,0.3925676331385201,,-0.6957915171626986,-0.5857159528614553,0.06417023760029224,0.9466873398397597,,3.767680520781172,,,,0.4475371808242363,0.46792179444216325,0.3259881822734101,0.26335147721582375,0.4003292484376565,0.7929200936404608,,0.855170336504757,,,,2019.848272408613,newstest2019,2.4382,0.0856,38.7569,0.1431,0.2654,0.3058,32.0019,0.2555,38.1895,0.3596,,
186,en-fi,0.586,GTCOM-Primary.6917,0.5866655896866805,,-0.47624275176749925,-0.35846357798608625,0.8800238278068595,,,,,,,0.43899078761141713,,,,0.6284560976464698,0.850166174261392,,0.7462826850275414,,-725615.2003162004,,1459.127691537306,newstest2019,5.2051,0.2005,58.2551,0.2667,0.4309,0.4564,57.7295,0.4102,57.6823,0.5464,,
187,en-fi,0.57,MSRA.NAO.6985,0.5930138076215395,,-0.4625651185335194,-0.35052559554003715,0.9047948207723002,,,,,,,0.44329230599399094,,,,0.6351881627441162,0.8534017130696043,,0.7462671206810216,,-742139.8899196975,,1459.127691537306,newstest2019,5.3004,0.2118,59.3404,0.2855,0.445,0.4731,58.8205,0.4241,58.8008,0.5629,,
188,en-fi,0.275,online-Y.0,0.5643986692735381,,-0.5218108365926418,-0.3858670166788765,0.7902310593098003,,,,,,,0.43090154474511766,,,,0.6107005453179769,0.8408391897846771,,0.748903403104657,,-892364.8215547067,,1459.127691537306,newstest2019,4.8337,0.17,54.7182,0.2162,0.3837,0.4107,53.7776,0.3656,53.8953,0.4954,,
189,en-fi,0.19899999999999998,NICT.6359,0.565660808944866,,-0.5051415499575029,-0.3810258431086838,0.7975014761697947,,,,,,,0.4380835081321983,,,,0.6039372754131197,0.8385638422633951,,0.7502590981472208,,-731123.1152214902,,1459.127691537306,newstest2019,4.8304,0.1794,55.3622,0.2398,0.4007,0.433,54.8028,0.3832,54.8416,0.5189,,
190,en-fi,0.09,Helsinki_NLP.6860,0.5524421162251042,,-0.5304551877688115,-0.40000835227284304,0.7883199268631855,,,,,,,0.43728134433650473,,,,0.5869512835753631,0.8312649864797195,,0.7430299809714572,,-718103.2741801162,,1459.127691537306,newstest2019,4.6204,0.1639,53.1787,0.2173,0.3808,0.4115,52.5427,0.362,52.6729,0.502,,
191,en-fi,0.07200000000000001,online-G.0,0.545496970419707,,-0.5658239050821475,-0.4090161291804513,0.6962217796219883,,,,,,,0.42009588213570354,,,,0.5857947183775662,0.8254665403104656,,0.738745631947922,,-757160.6350507992,,1459.127691537306,newstest2019,4.4887,0.1559,52.0911,0.1993,0.3466,0.3787,50.1161,0.3294,51.4384,0.4686,,
192,en-fi,0.037000000000000005,online-B.0,0.5517473939526926,,-0.5308319951664884,-0.3964440405217704,0.7979114356352335,,,,,,,0.4399812659719579,,,,0.5878219213820731,0.8341162814221332,,0.748960015523285,,-687556.6625487051,,1459.127691537306,newstest2019,4.532,0.1585,53.2555,0.2108,0.372,0.4078,52.5526,0.3552,52.7423,0.4968,,
193,en-fi,-0.125,TartuNLP-c.6509,0.5346520402077851,,-0.5539968640801831,-0.41341897937700967,0.7721069717472424,,,,,,,0.43873934711767654,,,,0.5675377587381072,0.8252527285928895,,0.7441966850275412,,-686555.4438698317,,1459.127691537306,newstest2019,4.359,0.1465,51.4227,0.192,0.362,0.3911,50.4439,0.3443,50.8937,0.4773,,
194,en-fi,-0.384,online-A.0,0.5180428592704704,,-0.5855735214183156,-0.4323772855176934,0.49724418721845004,,,,,,,0.4098555503204807,,,,0.5490839709564346,0.8047839203805709,,0.749172798698047,,-725613.6059922043,,1459.127691537306,newstest2019,3.6947,0.1099,48.9899,0.1515,0.2876,0.3347,47.9793,0.2706,48.2705,0.4223,,
195,en-fi,-0.39799999999999996,online-X.0,0.49184376630800114,,-0.6338111426645617,-0.45576981883953077,0.5614177950417262,,,,,,,0.40637073597195794,,,,0.5486614932899349,0.780434513770656,,0.706230600901352,,-641986.3280561017,,1459.127691537306,newstest2019,4.2348,0.1359,45.0234,0.1789,0.2856,0.3198,43.3632,0.2717,44.3026,0.4058,,
196,en-fi,-0.522,Helsinki_NLP__rule-based_.6636,0.4904483562660006,,-0.5979268242899629,-0.4554767478229436,0.5195633090385896,,,,,,,0.4085891088562844,,,,0.5084022098147221,0.794302509764647,,0.7375837065598398,,-783201.9494105357,,1459.127691537306,newstest2019,3.1191,0.0708,45.7439,0.0961,0.2375,0.2835,45.1468,0.2226,44.7296,0.3797,,
197,en-fi,-1.26,apertium-fin-eng-unconstrained-en-fi.6448,0.41891673714546396,,-0.7049659254740462,-0.5468662340463544,0.028163130172893486,,,,,,,0.34699746119078617,,,,0.42784416174261397,0.7394029889834752,,0.7112220390585878,,-812747.9085827726,,1459.127691537306,newstest2019,2.11,0.0342,34.7032,0.0472,0.1438,0.2018,34.4583,0.1328,33.9845,0.2624,,
198,de-en,0.146,Facebook_FAIR.6750,0.6549822513841138,0.8455458966493606,-0.38275301768417946,-0.28025341697252587,0.5679161086454988,0.90352000633,,2.2505460000000004,0.41079923264855767,0.3984240453034005,0.68766613945,0.5548304903369999,0.59266615949,,,0.729058512,0.843221586,0.8201944895,0.8072776279999999,0.7814559119999999,-236018.75114993798,-2866029.760859062,15479.503,newstest2019,1.3697,0.0535,64.5713,0.4217,0.5538,0.5931,65.4237,0.5142,65.2736,0.6976,,-0.144995439837
199,de-en,0.136,RWTH_Aachen_System.6818,0.6500686561798296,0.8391891803741455,-0.3888953738208592,-0.2875790564971976,0.5233024552194402,0.9103793061100001,,2.1066875,0.4044384247819207,0.39146821280093147,0.71189648015,0.5557845458219999,0.59337810025,,,0.723082765,0.8358637025000001,0.8131798865,0.810944076,0.7851698524999999,-212018.41367749797,-2669529.100643796,15479.503,newstest2019,1.3567,0.0527,63.6393,0.413,0.5442,0.5848,64.244,0.5072,64.3523,0.6944,,-0.151028742509
200,de-en,0.136,MSRA.MADL.6910,0.6650485517399132,0.8495622981637716,-0.36580250943376347,-0.2690786297125742,0.5517045155251399,0.912917221255,,2.030034,0.41659090466341886,0.4041386087221602,0.7255226236000001,0.557043878335,0.5937015408999999,,,0.7373462735,0.846790825,0.8243051825,0.8142238440000001,0.7886381084999999,-218018.436849594,-2652529.1757726413,15479.503,newstest2019,1.3638,0.0532,65.9582,0.4424,0.5748,0.6103,66.7052,0.5369,66.6351,0.7151,,-0.136199793762
201,de-en,0.121,online-B.0,0.6729648384034961,0.8428585198670626,-0.36272119031049793,-0.2698731227193493,0.5075122485682368,0.914098718825,,2.0396695,0.4196972585118893,0.4076460181239641,0.7589641184,0.550995687392,0.5885444533249999,,,0.7440747885000001,0.8424112245,0.8190927005,0.8143007970000001,0.7879423724999999,-217018.0076556585,-2621527.8928310517,15479.503,newstest2019,1.4317,0.0573,66.3175,0.4686,0.5969,0.6214,67.4428,0.5578,67.0014,0.7237,,-0.129665408457
202,de-en,0.086,JHU.6809,0.6420777251199332,0.8359193952828645,-0.397569096408651,-0.29226510580512693,0.5167337432550266,0.908842652655,,2.02833,0.40017219465277937,0.38701770798317114,0.6750933563999999,0.5578188942469999,0.5950936069899999,,,0.715975637,0.830867647,0.8076914559999999,0.80939341,0.7834700514999999,-228018.514935544,-2681030.0764054926,15479.503,newstest2019,1.2965,0.0492,62.9758,0.393,0.5299,0.5768,63.5588,0.4931,63.7388,0.673,,-0.156579115358
203,de-en,0.067,MLLP-UPV.6899,0.6466224121080293,0.8375093274265528,-0.3963426110302877,-0.2918339909621864,0.5296474905805663,0.908207282335,,2.0855715,0.4030483655452214,0.38976493496770953,0.6807396304500001,0.555037139867,0.5922183070599999,,,0.718640094,0.833296012,0.809790428,0.809051021,0.7830954425,-234018.33415375,-2666529.2821145644,15479.503,newstest2019,1.3301,0.0505,63.1103,0.4077,0.5423,0.5834,63.815,0.5027,63.8757,0.6955,,-0.150829613267
204,de-en,0.066,dfki-nmt.6478,0.6494993730556864,0.8423363724648952,-0.3854348771880044,-0.2863405693579698,0.5359158869162202,0.91010032901,,2.121809,0.4076854664793975,0.39461405867785765,0.7097853686,0.555423390177,0.5926089096200001,,,0.723216053,0.8325348954999999,0.8093694880000001,0.807916798,0.7824941739999999,-226018.389021079,-2710529.2712280517,15479.503,newstest2019,1.3551,0.0523,63.5843,0.4192,0.5416,0.5798,63.9561,0.5039,64.2762,0.6897,,-0.143891936994
205,de-en,0.066,UCAM.6461,0.6483558319721922,0.8391019199341535,-0.3954382039043067,-0.28862880424351894,0.5375022781575098,0.90845023988,,2.0448775,0.40517823144939974,0.3923305052280113,0.6906407089000001,0.558357331312,0.595044431085,,,0.7204893939999999,0.83392475,0.810681564,0.808243302,0.781878281,-220018.41405147006,-2652029.6939901724,15479.503,newstest2019,1.3429,0.0517,63.4957,0.4148,0.5431,0.5856,64.1907,0.5043,64.2624,0.6871,,-0.15128199535
206,de-en,0.05,online-A.0,0.6340313293727435,0.8302469332069159,-0.40834165612339435,-0.3009816417056136,0.48352067163493484,0.9075889615449999,,2.2603429999999998,0.39167137207798874,0.37760841303856374,0.9393155899000001,0.5471992256899999,0.5859966041600001,,,0.7102877095,0.8245208775,0.8011063105,0.808491623,0.7824006015,-235018.64059451898,-2813529.5012979573,15479.503,newstest2019,1.3168,0.0493,62.1205,0.3855,0.5186,0.5584,62.6678,0.4802,62.7315,0.6751,,-0.163383353143
207,de-en,0.039,NEU.6801,0.6556586517805172,0.8425794163793325,-0.3787174847781367,-0.27991201543738137,0.5267859068214893,0.91418499775,,1.9892984999999999,0.41084828195811,0.39820853442873033,0.72325735865,0.555242988055,0.592795210215,,,0.7285376435,0.8382062140000001,0.8152908805,0.813222612,0.7875936825000001,-198518.3735805205,-2652029.3833649885,15479.503,newstest2019,1.3605,0.0525,64.3984,0.4226,0.5568,0.5959,65.0914,0.5201,65.1844,0.7003,,-0.144389720636
208,de-en,0.011000000000000001,uedin.6749,0.6264797545700705,0.8185693935751915,-0.42751761850592246,-0.31741979434387757,0.46213064628466965,0.9104067648,,2.197692,0.38474438110912934,0.3709760909111525,0.6585855011999999,0.5453442750270001,0.58485349298,,,0.697606019,0.8127594760000001,0.7886530754999999,0.8059701494999999,0.779731231,-243518.429693853,-2805028.4540227624,15479.503,newstest2019,1.2975,0.0477,59.8893,0.3686,0.5182,0.5478,60.1258,0.4823,60.6387,0.6568,,-0.173495753044
209,de-en,0.009000000000000001,online-Y.0,0.64842027980998,0.8324216497540474,-0.39205350184900206,-0.2904564151918748,0.504382081198506,0.912774817645,,2.2220405,0.40344805066550304,0.3902699062473701,0.6566094050500001,0.54646848336,0.585714536815,,,0.7212767225,0.830920706,0.8073962365,0.813763095,0.787760991,-226019.0382946915,-2511028.5284487996,15479.503,newstest2019,1.3703,0.0524,63.2794,0.4108,0.5513,0.5839,63.9901,0.5139,63.9302,0.6928,,-0.15805962053
210,de-en,0.006,TartuNLP-c.6502,0.619463707124472,0.8117918403744697,-0.4355472692164298,-0.3218430436948547,0.44716979936975987,0.9109522696,,2.031529,0.37887185148176705,0.36433615417393034,0.5831002166000001,0.550602998342,0.588743795435,,,0.6895355959999999,0.8059951785,0.781945978,0.8073692109999999,0.7815283165,-225518.1363231585,-2614528.536695726,15479.503,newstest2019,1.3185,0.0489,59.3323,0.3607,0.51,0.5408,59.7585,0.4733,60.0425,0.6539,,-0.177685983072
211,de-en,-0.051,online-G.0,0.6235329746646182,0.8173998111933469,-0.4283101330560478,-0.31146140369866043,0.4294586333474144,0.907231696855,,2.115494,0.3858901923177895,0.37153243973017813,0.6195795539000001,0.546210650005,0.5854307637249999,,,0.6995694215000001,0.8060757185,0.781417258,0.808399808,0.781804811,-206518.0775900275,-2648028.8554365104,15479.503,newstest2019,1.321,0.0497,60.3462,0.3809,0.4974,0.5436,60.9148,0.4594,61.017,0.6612,,-0.168653599166
212,de-en,-0.128,PROMT_NMT_DE-EN.6683,0.6030827307548163,0.7923571422249078,-0.4562129982601607,-0.3367981551932171,0.32441400564834477,0.9029122143049999,,2.2230895,0.3677358531681467,0.3506580374168689,0.5994014034499999,0.53804780954,0.5783028747,,,0.6771050185,0.781852964,0.757889328,0.8002664735,0.774291608,-211018.391689258,-2714029.7267066203,15479.503,newstest2019,1.2397,0.0445,57.3935,0.3361,0.4765,0.5252,57.8658,0.4422,58.2321,0.6376,,-0.19849966081099998
213,de-en,-0.192,online-X.0,0.5907246407438411,0.7929667690992356,-0.46728795373422405,-0.3464850735035725,0.2789968637274578,0.90967849895,,2.2901504999999998,0.3644909639662282,0.34640913533024287,0.55402760695,0.5398838699620001,0.57941939439,,,0.665518536,0.75518939,0.7303741610000001,0.789489869,0.762922656,-208518.05739406098,-2546528.30134029,15479.503,newstest2019,1.2177,0.0432,55.1007,0.3474,0.4594,0.4999,55.3927,0.4284,55.9037,0.6119,,-0.18981879377900002
214,de-fr,0.249,MSRA.MADL.6888,0.6424527105595251,,-0.3933364930818912,-0.2987365679591478,0.6636211994590828,,0.7042458218532268,,,,,,,,,0.7178212359200471,0.8886616384479719,,0.7898703844797178,,-235176.9542534762,-1981811.9432686542,851.0,newstest2019,8.7715,0.4029,62.9082,0.4029,0.5231,0.5513,63.9199,0.4976,63.0754,0.6332,0.7042458218532259,
215,de-fr,0.23,MLLP-UPV.6647,0.6282891348884512,,-0.41435680323224494,-0.31470694748489303,0.6203690853012591,,0.6900077383340879,,,,,,,,,0.7040196737213403,0.8813924438565549,,0.7887665379188714,,-213425.04790463607,-2034721.8674337806,851.0,newstest2019,8.4757,0.3786,60.8501,0.3786,0.4984,0.531,61.9497,0.4712,61.0824,0.6166,0.690007738334088,
216,de-fr,0.16399999999999998,Kyoto_University_T2T.6679,0.6235886723847799,,-0.42048506551082265,-0.3177553195690299,0.6069367021433943,,0.6806761995467351,,,,,,,,,0.7007692204585538,0.8802834115226338,,0.7894113198118754,,-206370.42394720696,-1965350.9262983762,851.0,newstest2019,8.414,0.375,60.676,0.375,0.4948,0.5286,61.876,0.4686,60.842,0.6164,0.680676199546735,
217,de-fr,0.16,lingua_custodia_primary.6690,0.6333719589387151,,-0.40831363888462413,-0.309313705524042,0.626783112994779,,0.7033806321770047,,,,,,,,,0.7070800717225162,0.8825122369194592,,0.789169024691358,,-201667.34683845972,-2022963.925464163,851.0,newstest2019,8.5871,0.3898,61.6376,0.3898,0.508,0.5386,62.5267,0.48,61.8986,0.6256,0.703380632177005,
218,de-fr,0.129,LIUM.6719,0.6179334824342012,,-0.4339404723552528,-0.3256486215956371,0.6001774642823471,,0.6760977927198677,,,,,,,,,0.6910191005291006,0.8768470805408582,,0.7854307383891828,,-196376.03150352088,-1925962.142155363,851.0,newstest2019,8.2198,0.3636,59.6676,0.3636,0.4839,0.5155,60.8291,0.458,59.882,0.606,0.676097792719867,
219,de-fr,0.038,online-B.0,0.6108221991405455,,-0.44424982554467485,-0.33469439533017337,0.5804953710011796,,0.6568358664931407,,,,,,,,,0.682704810111699,0.8733526184597297,,0.7861126637272193,,-216952.13831327102,-1890099.8375577847,851.0,newstest2019,8.1074,0.3464,59.0552,0.3464,0.4784,0.5057,59.8975,0.4538,59.1359,0.5902,0.65683586649314,
220,de-fr,0.019,online-Y.0,0.6140434539869397,,-0.4285004748479368,-0.32541874134850124,0.5991306900429205,,0.6813868917545758,,,,,,,,,0.6910355138154027,0.8760788383303938,,0.7869706690182247,,-207546.17970624045,-1967701.7676707625,851.0,newstest2019,8.3309,0.3641,59.5731,0.3641,0.4936,0.5197,61.0422,0.4665,59.5579,0.6065,0.6813868917545749,
221,de-fr,-0.10400000000000001,TartuNLP-c.6897,0.6093430793056532,,-0.4454750585917232,-0.3322461238415635,0.561339628159576,,0.6658884547398329,,,,,,,,,0.6819429506172839,0.8721033162845385,,0.7941671064079953,,-225182.6825735032,-1895391.4452224593,851.0,newstest2019,7.9147,0.3415,58.824,0.3415,0.4629,0.4967,59.6902,0.4348,58.9623,0.5908,0.665888454739832,
222,de-fr,-0.19399999999999998,online-A.0,0.6001729485093171,,-0.4543115640486501,-0.34056508222946363,0.5480836457980776,,0.6543221250956822,,,,,,,,,0.6730713691945914,0.8661273938859495,,0.7838657889476777,,-184030.3755354844,-2244599.906563405,851.0,newstest2019,7.9717,0.3515,58.9674,0.3515,0.4508,0.5002,59.4449,0.4212,58.8795,0.6134,0.654322125095681,
223,de-fr,-0.24,online-G.0,0.5857314795009474,,-0.4802542224148148,-0.34807889114464163,0.537749086126142,,0.6403706214544174,,,,,,,,,0.6728082271017048,0.8566514891240447,,0.7782134268077602,,-202255.942535853,-2195805.5934310276,851.0,newstest2019,8.0219,0.3412,56.6676,0.3412,0.4308,0.4724,57.8387,0.4067,56.5843,0.5738,0.640370621454418,
224,de-fr,-0.456,online-X.0,0.5852618885750546,,-0.4786247976623836,-0.35833775578203586,0.5161026712599539,,0.655392439713731,,,,,,,,,0.6566129577895355,0.8498294791299236,,0.7767931875367431,,-192849.00617233448,-1840717.426423547,851.0,newstest2019,7.6172,0.3226,55.3516,0.3226,0.421,0.4598,56.0622,0.397,55.4896,0.5566,0.65539243971373,
